[INFO] Using PROJECT_DIR=/work/hdd/bdpr/vmattoo2/tor-relay-stats
[INFO] SLURM_JOB_ID=13694521
[INFO] Hostname: cn003.delta.ncsa.illinois.edu
[INFO] Starting at: 2025-11-17T04:35:00-06:00
Python 3.6.8
[INFO] Installing Python dependencies
Requirement already satisfied: pip in ./.venv/lib/python3.6/site-packages (21.3.1)
Requirement already satisfied: numpy in ./.venv/lib/python3.6/site-packages (1.19.5)
Requirement already satisfied: matplotlib in ./.venv/lib/python3.6/site-packages (3.3.4)
Requirement already satisfied: python-dateutil>=2.1 in ./.venv/lib/python3.6/site-packages (from matplotlib) (2.9.0.post0)
Requirement already satisfied: cycler>=0.10 in ./.venv/lib/python3.6/site-packages (from matplotlib) (0.11.0)
Requirement already satisfied: pyparsing!=2.0.4,!=2.1.2,!=2.1.6,>=2.0.3 in ./.venv/lib/python3.6/site-packages (from matplotlib) (3.1.4)
Requirement already satisfied: pillow>=6.2.0 in ./.venv/lib/python3.6/site-packages (from matplotlib) (8.4.0)
Requirement already satisfied: kiwisolver>=1.0.1 in ./.venv/lib/python3.6/site-packages (from matplotlib) (1.3.1)
Requirement already satisfied: six>=1.5 in ./.venv/lib/python3.6/site-packages (from python-dateutil>=2.1->matplotlib) (1.17.0)
[STEP] Running network analysis for 2024-01-01 to 2024-02-01

Analyzing overall network bandwidth...
Processing measurements from /work/hdd/bdpr/vmattoo2/tor-relay-stats/bandwidth_data...
Processing 47031 files...
  Processed 10000 measurements...
  Processed 20000 measurements...
  Processed 30000 measurements...
  Processed 40000 measurements...
  Processed 50000 measurements...
  Processed 60000 measurements...
  Processed 70000 measurements...
  Processed 80000 measurements...
  Processed 90000 measurements...
  Processed 100000 measurements...
  Processed 110000 measurements...
  Processed 120000 measurements...
  Processed 130000 measurements...
  Processed 140000 measurements...
  Processed 150000 measurements...
  Processed 160000 measurements...
  Processed 170000 measurements...
  Processed 180000 measurements...
  Processed 190000 measurements...
  Processed 200000 measurements...
  Processed 210000 measurements...
  Processed 220000 measurements...
  Processed 230000 measurements...
  Processed 240000 measurements...
  Processed 250000 measurements...
  Processed 260000 measurements...
  Processed 270000 measurements...
  Processed 280000 measurements...
  Processed 290000 measurements...
  Processed 300000 measurements...
  Processed 310000 measurements...
  Processed 320000 measurements...
  Processed 330000 measurements...
  Processed 340000 measurements...
  Processed 350000 measurements...
  Processed 360000 measurements...
  Processed 370000 measurements...
  Processed 380000 measurements...
  Processed 390000 measurements...
  Processed 400000 measurements...
  Processed 410000 measurements...
  Processed 420000 measurements...
  Processed 430000 measurements...
  Processed 440000 measurements...
  Processed 450000 measurements...
  Processed 460000 measurements...
  Processed 470000 measurements...
  Processed 480000 measurements...
  Processed 490000 measurements...
  Processed 500000 measurements...
  Processed 510000 measurements...
  Processed 520000 measurements...
  Processed 530000 measurements...
  Processed 540000 measurements...
  Processed 550000 measurements...
  Processed 560000 measurements...
  Processed 570000 measurements...
  Processed 580000 measurements...
  Processed 590000 measurements...
  Processed 600000 measurements...
  Processed 610000 measurements...
  Processed 620000 measurements...
  Processed 630000 measurements...
  Processed 640000 measurements...
  Processed 650000 measurements...
  Processed 660000 measurements...
  Processed 670000 measurements...
  Processed 680000 measurements...
  Processed 690000 measurements...
  Processed 700000 measurements...
  Processed 710000 measurements...
  Processed 720000 measurements...
  Processed 730000 measurements...
  Processed 740000 measurements...
  Processed 750000 measurements...
  Processed 760000 measurements...
  Processed 770000 measurements...
  Processed 780000 measurements...
  Processed 790000 measurements...
  Processed 800000 measurements...
  Processed 810000 measurements...
  Processed 820000 measurements...
  Processed 830000 measurements...
  Processed 840000 measurements...
  Processed 850000 measurements...
  Processed 860000 measurements...
  Processed 870000 measurements...
  Processed 880000 measurements...
  Processed 890000 measurements...
  Processed 900000 measurements...
  Processed 910000 measurements...
  Processed 920000 measurements...
  Processed 930000 measurements...
  Processed 940000 measurements...
  Processed 950000 measurements...
  Processed 960000 measurements...
  Processed 970000 measurements...
  Processed 980000 measurements...
  Processed 990000 measurements...
  Processed 1000000 measurements...
  Processed 1010000 measurements...
  Processed 1020000 measurements...
  Processed 1030000 measurements...
  Processed 1040000 measurements...
  Processed 1050000 measurements...
  Processed 1060000 measurements...
  Processed 1070000 measurements...
  Processed 1080000 measurements...
  Processed 1090000 measurements...
  Processed 1100000 measurements...
  Processed 1110000 measurements...
  Processed 1120000 measurements...
  Processed 1130000 measurements...
  Processed 1140000 measurements...
  Processed 1150000 measurements...
  Processed 1160000 measurements...
  Processed 1170000 measurements...
  Processed 1180000 measurements...
  Processed 1190000 measurements...
  Processed 1200000 measurements...
  Processed 1210000 measurements...
  Processed 1220000 measurements...
  Processed 1230000 measurements...
  Processed 1240000 measurements...
  Processed 1250000 measurements...
  Processed 1260000 measurements...
  Processed 1270000 measurements...
  Processed 1280000 measurements...
  Processed 1290000 measurements...
  Processed 1300000 measurements...
  Processed 1310000 measurements...
  Processed 1320000 measurements...
  Processed 1330000 measurements...
  Processed 1340000 measurements...
  Processed 1350000 measurements...
  Processed 1360000 measurements...
  Processed 1370000 measurements...
  Processed 1380000 measurements...
  Processed 1390000 measurements...
  Processed 1400000 measurements...
  Processed 1410000 measurements...
  Processed 1420000 measurements...
  Processed 1430000 measurements...
  Processed 1440000 measurements...
  Processed 1450000 measurements...
  Processed 1460000 measurements...
  Processed 1470000 measurements...
  Processed 1480000 measurements...
  Processed 1490000 measurements...
  Processed 1500000 measurements...
  Processed 1510000 measurements...
  Processed 1520000 measurements...
  Processed 1530000 measurements...
  Processed 1540000 measurements...
  Processed 1550000 measurements...
  Processed 1560000 measurements...
  Processed 1570000 measurements...
  Processed 1580000 measurements...
  Processed 1590000 measurements...
  Processed 1600000 measurements...
  Processed 1610000 measurements...
  Processed 1620000 measurements...
  Processed 1630000 measurements...
  Processed 1640000 measurements...
  Processed 1650000 measurements...
  Processed 1660000 measurements...
  Processed 1670000 measurements...
  Processed 1680000 measurements...
  Processed 1690000 measurements...
  Processed 1700000 measurements...
  Processed 1710000 measurements...
  Processed 1720000 measurements...
  Processed 1730000 measurements...
  Processed 1740000 measurements...
  Processed 1750000 measurements...
  Processed 1760000 measurements...
  Processed 1770000 measurements...
  Processed 1780000 measurements...
  Processed 1790000 measurements...
  Processed 1800000 measurements...
  Processed 1810000 measurements...
  Processed 1820000 measurements...
  Processed 1830000 measurements...
  Processed 1840000 measurements...
  Processed 1850000 measurements...
  Processed 1860000 measurements...
  Processed 1870000 measurements...
  Processed 1880000 measurements...
  Processed 1890000 measurements...
  Processed 1900000 measurements...
  Processed 1910000 measurements...
  Processed 1920000 measurements...
  Processed 1930000 measurements...
  Processed 1940000 measurements...
  Processed 1950000 measurements...
  Processed 1960000 measurements...
  Processed 1970000 measurements...
  Processed 1980000 measurements...
  Processed 1990000 measurements...
  Processed 2000000 measurements...
  Processed 2010000 measurements...
  Processed 2020000 measurements...
  Processed 2030000 measurements...
  Processed 2040000 measurements...
  Processed 2050000 measurements...
  Processed 2060000 measurements...
  Processed 2070000 measurements...
  Processed 2080000 measurements...
  Processed 2090000 measurements...
  Processed 2100000 measurements...
  Processed 2110000 measurements...
  Processed 2120000 measurements...
  Processed 2130000 measurements...
  Processed 2140000 measurements...
  Processed 2150000 measurements...
  Processed 2160000 measurements...
  Processed 2170000 measurements...
  Processed 2180000 measurements...
  Processed 2190000 measurements...
  Processed 2200000 measurements...
  Processed 2210000 measurements...
  Processed 2220000 measurements...
  Processed 2230000 measurements...
  Processed 2240000 measurements...
  Processed 2250000 measurements...
  Processed 2260000 measurements...
  Processed 2270000 measurements...
  Processed 2280000 measurements...
  Processed 2290000 measurements...
  Processed 2300000 measurements...
  Processed 2310000 measurements...
  Processed 2320000 measurements...
  Processed 2330000 measurements...
  Processed 2340000 measurements...
  Processed 2350000 measurements...
  Processed 2360000 measurements...
  Processed 2370000 measurements...
  Processed 2380000 measurements...
  Processed 2390000 measurements...
  Processed 2400000 measurements...
  Processed 2410000 measurements...
  Processed 2420000 measurements...
  Processed 2430000 measurements...
  Processed 2440000 measurements...
  Processed 2450000 measurements...
  Processed 2460000 measurements...
  Processed 2470000 measurements...
  Processed 2480000 measurements...
  Processed 2490000 measurements...
  Processed 2500000 measurements...
  Processed 2510000 measurements...
  Processed 2520000 measurements...
  Processed 2530000 measurements...
  Processed 2540000 measurements...
  Processed 2550000 measurements...
  Processed 2560000 measurements...
  Processed 2570000 measurements...
  Processed 2580000 measurements...
  Processed 2590000 measurements...
  Processed 2600000 measurements...
  Processed 2610000 measurements...
  Processed 2620000 measurements...
  Processed 2630000 measurements...
  Processed 2640000 measurements...
  Processed 2650000 measurements...
  Processed 2660000 measurements...
  Processed 2670000 measurements...
  Processed 2680000 measurements...
  Processed 2690000 measurements...
  Processed 2700000 measurements...
  Processed 2710000 measurements...
  Processed 2720000 measurements...
  Processed 2730000 measurements...
  Processed 2740000 measurements...
  Processed 2750000 measurements...
  Processed 2760000 measurements...
  Processed 2770000 measurements...
  Processed 2780000 measurements...
  Processed 2790000 measurements...
  Processed 2800000 measurements...
  Processed 2810000 measurements...
  Processed 2820000 measurements...
  Processed 2830000 measurements...
  Processed 2840000 measurements...
  Processed 2850000 measurements...
  Processed 2860000 measurements...
  Processed 2870000 measurements...
  Processed 2880000 measurements...
  Processed 2890000 measurements...
  Processed 2900000 measurements...
  Processed 2910000 measurements...
  Processed 2920000 measurements...
  Processed 2930000 measurements...
  Processed 2940000 measurements...
  Processed 2950000 measurements...
  Processed 2960000 measurements...
  Processed 2970000 measurements...
  Processed 2980000 measurements...
  Processed 2990000 measurements...
  Processed 3000000 measurements...
  Processed 3010000 measurements...
  Processed 3020000 measurements...
  Processed 3030000 measurements...
  Processed 3040000 measurements...
  Processed 3050000 measurements...
  Processed 3060000 measurements...
  Processed 3070000 measurements...
  Processed 3080000 measurements...
  Processed 3090000 measurements...
  Processed 3100000 measurements...
  Processed 3110000 measurements...
  Processed 3120000 measurements...
  Processed 3130000 measurements...
  Processed 3140000 measurements...
  Processed 3150000 measurements...
  Processed 3160000 measurements...
  Processed 3170000 measurements...
  Processed 3180000 measurements...
  Processed 3190000 measurements...
  Processed 3200000 measurements...
  Processed 3210000 measurements...
  Processed 3220000 measurements...
  Processed 3230000 measurements...
  Processed 3240000 measurements...
  Processed 3250000 measurements...
  Processed 3260000 measurements...
  Processed 3270000 measurements...
  Processed 3280000 measurements...
  Processed 3290000 measurements...
  Processed 3300000 measurements...
  Processed 3310000 measurements...
  Processed 3320000 measurements...
  Processed 3330000 measurements...
  Processed 3340000 measurements...
  Processed 3350000 measurements...
  Processed 3360000 measurements...
  Processed 3370000 measurements...
  Processed 3380000 measurements...
  Processed 3390000 measurements...
  Processed 3400000 measurements...
  Processed 3410000 measurements...
  Processed 3420000 measurements...
  Processed 3430000 measurements...
  Processed 3440000 measurements...
  Processed 3450000 measurements...
  Processed 3460000 measurements...
  Processed 3470000 measurements...
  Processed 3480000 measurements...
  Processed 3490000 measurements...
  Processed 3500000 measurements...
  Processed 3510000 measurements...
  Processed 3520000 measurements...
  Processed 3530000 measurements...
  Processed 3540000 measurements...
  Processed 3550000 measurements...
  Processed 3560000 measurements...
  Processed 3570000 measurements...
  Processed 3580000 measurements...
  Processed 3590000 measurements...
  Processed 3600000 measurements...
  Processed 3610000 measurements...
  Processed 3620000 measurements...
  Processed 3630000 measurements...
  Processed 3640000 measurements...
  Processed 3650000 measurements...
  Processed 3660000 measurements...
  Processed 3670000 measurements...
  Processed 3680000 measurements...
  Processed 3690000 measurements...
  Processed 3700000 measurements...
  Processed 3710000 measurements...
  Processed 3720000 measurements...
  Processed 3730000 measurements...
  Processed 3740000 measurements...
  Processed 3750000 measurements...
  Processed 3760000 measurements...
  Processed 3770000 measurements...
  Processed 3780000 measurements...
  Processed 3790000 measurements...
  Processed 3800000 measurements...
  Processed 3810000 measurements...
  Processed 3820000 measurements...
  Processed 3830000 measurements...
  Processed 3840000 measurements...
  Processed 3850000 measurements...
  Processed 3860000 measurements...
  Processed 3870000 measurements...
  Processed 3880000 measurements...
  Processed 3890000 measurements...
  Processed 3900000 measurements...
  Processed 3910000 measurements...
  Processed 3920000 measurements...
  Processed 3930000 measurements...
  Processed 3940000 measurements...
  Processed 3950000 measurements...
  Processed 3960000 measurements...
  Processed 3970000 measurements...
  Processed 3980000 measurements...
  Processed 3990000 measurements...
  Processed 4000000 measurements...
  Processed 4010000 measurements...
  Processed 4020000 measurements...
  Processed 4030000 measurements...
  Processed 4040000 measurements...
  Processed 4050000 measurements...
  Processed 4060000 measurements...
  Processed 4070000 measurements...
  Processed 4080000 measurements...
  Processed 4090000 measurements...
  Processed 4100000 measurements...
  Processed 4110000 measurements...
  Processed 4120000 measurements...
  Processed 4130000 measurements...
  Processed 4140000 measurements...
  Processed 4150000 measurements...
  Processed 4160000 measurements...
  Processed 4170000 measurements...
  Processed 4180000 measurements...
  Processed 4190000 measurements...
  Processed 4200000 measurements...
  Processed 4210000 measurements...
  Processed 4220000 measurements...
  Processed 4230000 measurements...
  Processed 4240000 measurements...
  Processed 4250000 measurements...
  Processed 4260000 measurements...
  Processed 4270000 measurements...
  Processed 4280000 measurements...
  Processed 4290000 measurements...
  Processed 4300000 measurements...
  Processed 4310000 measurements...
  Processed 4320000 measurements...
  Processed 4330000 measurements...
  Processed 4340000 measurements...
  Processed 4350000 measurements...
  Processed 4360000 measurements...
  Processed 4370000 measurements...
  Processed 4380000 measurements...
  Processed 4390000 measurements...
  Processed 4400000 measurements...
  Processed 4410000 measurements...
  Processed 4420000 measurements...
  Processed 4430000 measurements...
  Processed 4440000 measurements...
  Processed 4450000 measurements...
  Processed 4460000 measurements...
  Processed 4470000 measurements...
  Processed 4480000 measurements...
  Processed 4490000 measurements...
  Processed 4500000 measurements...
  Processed 4510000 measurements...
  Processed 4520000 measurements...
  Processed 4530000 measurements...
  Processed 4540000 measurements...
  Processed 4550000 measurements...
  Processed 4560000 measurements...
  Processed 4570000 measurements...
  Processed 4580000 measurements...
  Processed 4590000 measurements...
  Processed 4600000 measurements...
  Processed 4610000 measurements...
  Processed 4620000 measurements...
  Processed 4630000 measurements...
  Processed 4640000 measurements...
  Processed 4650000 measurements...
  Processed 4660000 measurements...
  Processed 4670000 measurements...
  Processed 4680000 measurements...
  Processed 4690000 measurements...
  Processed 4700000 measurements...
  Processed 4710000 measurements...
  Processed 4720000 measurements...
  Processed 4730000 measurements...
  Processed 4740000 measurements...
  Processed 4750000 measurements...
  Processed 4760000 measurements...
  Processed 4770000 measurements...
  Processed 4780000 measurements...
  Processed 4790000 measurements...
  Processed 4800000 measurements...
  Processed 4810000 measurements...
  Processed 4820000 measurements...
  Processed 4830000 measurements...
  Processed 4840000 measurements...
  Processed 4850000 measurements...
  Processed 4860000 measurements...
  Processed 4870000 measurements...
  Processed 4880000 measurements...
  Processed 4890000 measurements...
  Processed 4900000 measurements...
  Processed 4910000 measurements...
  Processed 4920000 measurements...
  Processed 4930000 measurements...
  Processed 4940000 measurements...
  Processed 4950000 measurements...
  Processed 4960000 measurements...
  Processed 4970000 measurements...
  Processed 4980000 measurements...
  Processed 4990000 measurements...
  Processed 5000000 measurements...
  Processed 5010000 measurements...
  Processed 5020000 measurements...
  Processed 5030000 measurements...
  Processed 5040000 measurements...
  Processed 5050000 measurements...
  Processed 5060000 measurements...
  Processed 5070000 measurements...
  Processed 5080000 measurements...
  Processed 5090000 measurements...
  Processed 5100000 measurements...
  Processed 5110000 measurements...
  Processed 5120000 measurements...
  Processed 5130000 measurements...
  Processed 5140000 measurements...
  Processed 5150000 measurements...
  Processed 5160000 measurements...
  Processed 5170000 measurements...
  Processed 5180000 measurements...
  Processed 5190000 measurements...
  Processed 5200000 measurements...
  Processed 5210000 measurements...
  Processed 5220000 measurements...
  Processed 5230000 measurements...
  Processed 5240000 measurements...
  Processed 5250000 measurements...
  Processed 5260000 measurements...
  Processed 5270000 measurements...
  Processed 5280000 measurements...
  Processed 5290000 measurements...
  Processed 5300000 measurements...
  Processed 5310000 measurements...
  Processed 5320000 measurements...
  Processed 5330000 measurements...
  Processed 5340000 measurements...
  Processed 5350000 measurements...
  Processed 5360000 measurements...
  Processed 5370000 measurements...
  Processed 5380000 measurements...
  Processed 5390000 measurements...
  Processed 5400000 measurements...
  Processed 5410000 measurements...
  Processed 5420000 measurements...
  Processed 5430000 measurements...
  Processed 5440000 measurements...
  Processed 5450000 measurements...
  Processed 5460000 measurements...
  Processed 5470000 measurements...
  Processed 5480000 measurements...
  Processed 5490000 measurements...
  Processed 5500000 measurements...
  Processed 5510000 measurements...
  Processed 5520000 measurements...
  Processed 5530000 measurements...
  Processed 5540000 measurements...
  Processed 5550000 measurements...
  Processed 5560000 measurements...
  Processed 5570000 measurements...
  Processed 5580000 measurements...
  Processed 5590000 measurements...
  Processed 5600000 measurements...
  Processed 5610000 measurements...
  Processed 5620000 measurements...
  Processed 5630000 measurements...
  Processed 5640000 measurements...
  Processed 5650000 measurements...
  Processed 5660000 measurements...
  Processed 5670000 measurements...
  Processed 5680000 measurements...
  Processed 5690000 measurements...
  Processed 5700000 measurements...
  Processed 5710000 measurements...
  Processed 5720000 measurements...
  Processed 5730000 measurements...
  Processed 5740000 measurements...
  Processed 5750000 measurements...
  Processed 5760000 measurements...
  Processed 5770000 measurements...
  Processed 5780000 measurements...
  Processed 5790000 measurements...
  Processed 5800000 measurements...
  Processed 5810000 measurements...
  Processed 5820000 measurements...
  Processed 5830000 measurements...
  Processed 5840000 measurements...
  Processed 5850000 measurements...
  Processed 5860000 measurements...
  Processed 5870000 measurements...
  Processed 5880000 measurements...
  Processed 5890000 measurements...
  Processed 5900000 measurements...
  Processed 5910000 measurements...
  Processed 5920000 measurements...
  Processed 5930000 measurements...
  Processed 5940000 measurements...
  Processed 5950000 measurements...
  Processed 5960000 measurements...
  Processed 5970000 measurements...
  Processed 5980000 measurements...
  Processed 5990000 measurements...
  Processed 6000000 measurements...
  Processed 6010000 measurements...
  Processed 6020000 measurements...
  Processed 6030000 measurements...
  Processed 6040000 measurements...
  Processed 6050000 measurements...
  Processed 6060000 measurements...
  Processed 6070000 measurements...
  Processed 6080000 measurements...
  Processed 6090000 measurements...
  Processed 6100000 measurements...
  Processed 6110000 measurements...
  Processed 6120000 measurements...
  Processed 6130000 measurements...
  Processed 6140000 measurements...
  Processed 6150000 measurements...
  Processed 6160000 measurements...
  Processed 6170000 measurements...
  Processed 6180000 measurements...
  Processed 6190000 measurements...
  Processed 6200000 measurements...
  Processed 6210000 measurements...
  Processed 6220000 measurements...
  Processed 6230000 measurements...
  Processed 6240000 measurements...
  Processed 6250000 measurements...
  Processed 6260000 measurements...
  Processed 6270000 measurements...
  Processed 6280000 measurements...
  Processed 6290000 measurements...
  Processed 6300000 measurements...
  Processed 6310000 measurements...
  Processed 6320000 measurements...
  Processed 6330000 measurements...
  Processed 6340000 measurements...
  Processed 6350000 measurements...
  Processed 6360000 measurements...
  Processed 6370000 measurements...
  Processed 6380000 measurements...
  Processed 6390000 measurements...
  Processed 6400000 measurements...
  Processed 6410000 measurements...
  Processed 6420000 measurements...
  Processed 6430000 measurements...
  Processed 6440000 measurements...
  Processed 6450000 measurements...
  Processed 6460000 measurements...
  Processed 6470000 measurements...
  Processed 6480000 measurements...
  Processed 6490000 measurements...
  Processed 6500000 measurements...
  Processed 6510000 measurements...
  Processed 6520000 measurements...
  Processed 6530000 measurements...
  Processed 6540000 measurements...
  Processed 6550000 measurements...
  Processed 6560000 measurements...
  Processed 6570000 measurements...
  Processed 6580000 measurements...
  Processed 6590000 measurements...
  Processed 6600000 measurements...
  Processed 6610000 measurements...
  Processed 6620000 measurements...
  Processed 6630000 measurements...
  Processed 6640000 measurements...
  Processed 6650000 measurements...
  Processed 6660000 measurements...
  Processed 6670000 measurements...
  Processed 6680000 measurements...
  Processed 6690000 measurements...
  Processed 6700000 measurements...
  Processed 6710000 measurements...
  Processed 6720000 measurements...
  Processed 6730000 measurements...
  Processed 6740000 measurements...
  Processed 6750000 measurements...
  Processed 6760000 measurements...
  Processed 6770000 measurements...
  Processed 6780000 measurements...
  Processed 6790000 measurements...
  Processed 6800000 measurements...
  Processed 6810000 measurements...
  Processed 6820000 measurements...
  Processed 6830000 measurements...
  Processed 6840000 measurements...
  Processed 6850000 measurements...
  Processed 6860000 measurements...
  Processed 6870000 measurements...
  Processed 6880000 measurements...
  Processed 6890000 measurements...
  Processed 6900000 measurements...
  Processed 6910000 measurements...
  Processed 6920000 measurements...
  Processed 6930000 measurements...
  Processed 6940000 measurements...
  Processed 6950000 measurements...
  Processed 6960000 measurements...
  Processed 6970000 measurements...
  Processed 6980000 measurements...
  Processed 6990000 measurements...
  Processed 7000000 measurements...
  Processed 7010000 measurements...
  Processed 7020000 measurements...
  Processed 7030000 measurements...
  Processed 7040000 measurements...
  Processed 7050000 measurements...
  Processed 7060000 measurements...
  Processed 7070000 measurements...
  Processed 7080000 measurements...
  Processed 7090000 measurements...
  Processed 7100000 measurements...
  Processed 7110000 measurements...
  Processed 7120000 measurements...
  Processed 7130000 measurements...
  Processed 7140000 measurements...
  Processed 7150000 measurements...
  Processed 7160000 measurements...
  Processed 7170000 measurements...
  Processed 7180000 measurements...
  Processed 7190000 measurements...
  Processed 7200000 measurements...
  Processed 7210000 measurements...
  Processed 7220000 measurements...
  Processed 7230000 measurements...
  Processed 7240000 measurements...
  Processed 7250000 measurements...
  Processed 7260000 measurements...
  Processed 7270000 measurements...
  Processed 7280000 measurements...
  Processed 7290000 measurements...
  Processed 7300000 measurements...
  Processed 7310000 measurements...
  Processed 7320000 measurements...
  Processed 7330000 measurements...
  Processed 7340000 measurements...
  Processed 7350000 measurements...
  Processed 7360000 measurements...
  Processed 7370000 measurements...
  Processed 7380000 measurements...
  Processed 7390000 measurements...
  Processed 7400000 measurements...
  Processed 7410000 measurements...
  Processed 7420000 measurements...
  Processed 7430000 measurements...
  Processed 7440000 measurements...
  Processed 7450000 measurements...
  Processed 7460000 measurements...
  Processed 7470000 measurements...
  Processed 7480000 measurements...
  Processed 7490000 measurements...
  Processed 7500000 measurements...
  Processed 7510000 measurements...
  Processed 7520000 measurements...
  Processed 7530000 measurements...
  Processed 7540000 measurements...
  Processed 7550000 measurements...
  Processed 7560000 measurements...
  Processed 7570000 measurements...
  Processed 7580000 measurements...
  Processed 7590000 measurements...
  Processed 7600000 measurements...
  Processed 7610000 measurements...
  Processed 7620000 measurements...
  Processed 7630000 measurements...
  Processed 7640000 measurements...
  Processed 7650000 measurements...
  Processed 7660000 measurements...
  Processed 7670000 measurements...
  Processed 7680000 measurements...
  Processed 7690000 measurements...
  Processed 7700000 measurements...
  Processed 7710000 measurements...
  Processed 7720000 measurements...
  Processed 7730000 measurements...
  Processed 7740000 measurements...
  Processed 7750000 measurements...
  Processed 7760000 measurements...
  Processed 7770000 measurements...
  Processed 7780000 measurements...
  Processed 7790000 measurements...
  Processed 7800000 measurements...
  Processed 7810000 measurements...
  Processed 7820000 measurements...
  Processed 7830000 measurements...
  Processed 7840000 measurements...
  Processed 7850000 measurements...
  Processed 7860000 measurements...
  Processed 7870000 measurements...
  Processed 7880000 measurements...
  Processed 7890000 measurements...
  Processed 7900000 measurements...
  Processed 7910000 measurements...
  Processed 7920000 measurements...
  Processed 7930000 measurements...
  Processed 7940000 measurements...
  Processed 7950000 measurements...
  Processed 7960000 measurements...
  Processed 7970000 measurements...
  Processed 7980000 measurements...
  Processed 7990000 measurements...
  Processed 8000000 measurements...
  Processed 8010000 measurements...
  Processed 8020000 measurements...
  Processed 8030000 measurements...
  Processed 8040000 measurements...
  Processed 8050000 measurements...
  Processed 8060000 measurements...
  Processed 8070000 measurements...
  Processed 8080000 measurements...
  Processed 8090000 measurements...
  Processed 8100000 measurements...
  Processed 8110000 measurements...
  Processed 8120000 measurements...
  Processed 8130000 measurements...
  Processed 8140000 measurements...
  Processed 8150000 measurements...
  Processed 8160000 measurements...
  Processed 8170000 measurements...
  Processed 8180000 measurements...
  Processed 8190000 measurements...
  Processed 8200000 measurements...
  Processed 8210000 measurements...
  Processed 8220000 measurements...
  Processed 8230000 measurements...
  Processed 8240000 measurements...
  Processed 8250000 measurements...
  Processed 8260000 measurements...
  Processed 8270000 measurements...
  Processed 8280000 measurements...
  Processed 8290000 measurements...
  Processed 8300000 measurements...
  Processed 8310000 measurements...
  Processed 8320000 measurements...
  Processed 8330000 measurements...
  Processed 8340000 measurements...
  Processed 8350000 measurements...
  Processed 8360000 measurements...
  Processed 8370000 measurements...
  Processed 8380000 measurements...
  Processed 8390000 measurements...
  Processed 8400000 measurements...
  Processed 8410000 measurements...
  Processed 8420000 measurements...
  Processed 8430000 measurements...
  Processed 8440000 measurements...
  Processed 8450000 measurements...
  Processed 8460000 measurements...
  Processed 8470000 measurements...
  Processed 8480000 measurements...
  Processed 8490000 measurements...
  Processed 8500000 measurements...
  Processed 8510000 measurements...
  Processed 8520000 measurements...
  Processed 8530000 measurements...
  Processed 8540000 measurements...
  Processed 8550000 measurements...
  Processed 8560000 measurements...
  Processed 8570000 measurements...
  Processed 8580000 measurements...
  Processed 8590000 measurements...
  Processed 8600000 measurements...
  Processed 8610000 measurements...
  Processed 8620000 measurements...
  Processed 8630000 measurements...
  Processed 8640000 measurements...
  Processed 8650000 measurements...
  Processed 8660000 measurements...
  Processed 8670000 measurements...
  Processed 8680000 measurements...
  Processed 8690000 measurements...
  Processed 8700000 measurements...
  Processed 8710000 measurements...
  Processed 8720000 measurements...
  Processed 8730000 measurements...
  Processed 8740000 measurements...
  Processed 8750000 measurements...
  Processed 8760000 measurements...
  Processed 8770000 measurements...
  Processed 8780000 measurements...
  Processed 8790000 measurements...
  Processed 8800000 measurements...
  Processed 8810000 measurements...
  Processed 8820000 measurements...
  Processed 8830000 measurements...
  Processed 8840000 measurements...
  Processed 8850000 measurements...
  Processed 8860000 measurements...
  Processed 8870000 measurements...
  Processed 8880000 measurements...
  Processed 8890000 measurements...
  Processed 8900000 measurements...
  Processed 8910000 measurements...
  Processed 8920000 measurements...
  Processed 8930000 measurements...
  Processed 8940000 measurements...
  Processed 8950000 measurements...
  Processed 8960000 measurements...
  Processed 8970000 measurements...
  Processed 8980000 measurements...
  Processed 8990000 measurements...
  Processed 9000000 measurements...
  Processed 9010000 measurements...
  Processed 9020000 measurements...
  Processed 9030000 measurements...
  Processed 9040000 measurements...
  Processed 9050000 measurements...
  Processed 9060000 measurements...
  Processed 9070000 measurements...
  Processed 9080000 measurements...
  Processed 9090000 measurements...
  Processed 9100000 measurements...
  Processed 9110000 measurements...
  Processed 9120000 measurements...
  Processed 9130000 measurements...
  Processed 9140000 measurements...
  Processed 9150000 measurements...
  Processed 9160000 measurements...
  Processed 9170000 measurements...
  Processed 9180000 measurements...
  Processed 9190000 measurements...
  Processed 9200000 measurements...
  Processed 9210000 measurements...
  Processed 9220000 measurements...
  Processed 9230000 measurements...
  Processed 9240000 measurements...
  Processed 9250000 measurements...
  Processed 9260000 measurements...
  Processed 9270000 measurements...
  Processed 9280000 measurements...
  Processed 9290000 measurements...
  Processed 9300000 measurements...
  Processed 9310000 measurements...
  Processed 9320000 measurements...
  Processed 9330000 measurements...
  Processed 9340000 measurements...
  Processed 9350000 measurements...
  Processed 9360000 measurements...
  Processed 9370000 measurements...
  Processed 9380000 measurements...
  Processed 9390000 measurements...
  Processed 9400000 measurements...
  Processed 9410000 measurements...
  Processed 9420000 measurements...
  Processed 9430000 measurements...
  Processed 9440000 measurements...
  Processed 9450000 measurements...
  Processed 9460000 measurements...
  Processed 9470000 measurements...
  Processed 9480000 measurements...
  Processed 9490000 measurements...
  Processed 9500000 measurements...
  Processed 9510000 measurements...
  Processed 9520000 measurements...
  Processed 9530000 measurements...
  Processed 9540000 measurements...
  Processed 9550000 measurements...
  Processed 9560000 measurements...
  Processed 9570000 measurements...
  Processed 9580000 measurements...
  Processed 9590000 measurements...
  Processed 9600000 measurements...
  Processed 9610000 measurements...
  Processed 9620000 measurements...
  Processed 9630000 measurements...
  Processed 9640000 measurements...
  Processed 9650000 measurements...
  Processed 9660000 measurements...
  Processed 9670000 measurements...
  Processed 9680000 measurements...
  Processed 9690000 measurements...
  Processed 9700000 measurements...
  Processed 9710000 measurements...
  Processed 9720000 measurements...
  Processed 9730000 measurements...
  Processed 9740000 measurements...
  Processed 9750000 measurements...
  Processed 9760000 measurements...
  Processed 9770000 measurements...
  Processed 9780000 measurements...
  Processed 9790000 measurements...
  Processed 9800000 measurements...
  Processed 9810000 measurements...
  Processed 9820000 measurements...
  Processed 9830000 measurements...
  Processed 9840000 measurements...
  Processed 9850000 measurements...
  Processed 9860000 measurements...
  Processed 9870000 measurements...
  Processed 9880000 measurements...
  Processed 9890000 measurements...
  Processed 9900000 measurements...
  Processed 9910000 measurements...
  Processed 9920000 measurements...
  Processed 9930000 measurements...
  Processed 9940000 measurements...
  Processed 9950000 measurements...
  Processed 9960000 measurements...
  Processed 9970000 measurements...
  Processed 9980000 measurements...
  Processed 9990000 measurements...
  Processed 10000000 measurements...
  Processed 10010000 measurements...
  Processed 10020000 measurements...
  Processed 10030000 measurements...
  Processed 10040000 measurements...
  Processed 10050000 measurements...
  Processed 10060000 measurements...
  Processed 10070000 measurements...
  Processed 10080000 measurements...
  Processed 10090000 measurements...
  Processed 10100000 measurements...
  Processed 10110000 measurements...
  Processed 10120000 measurements...
  Processed 10130000 measurements...
  Processed 10140000 measurements...
  Processed 10150000 measurements...
  Processed 10160000 measurements...
  Processed 10170000 measurements...
  Processed 10180000 measurements...
  Processed 10190000 measurements...
  Processed 10200000 measurements...
  Processed 10210000 measurements...
  Processed 10220000 measurements...
  Processed 10230000 measurements...
  Processed 10240000 measurements...
  Processed 10250000 measurements...
  Processed 10260000 measurements...
  Processed 10270000 measurements...
  Processed 10280000 measurements...
  Processed 10290000 measurements...
  Processed 10300000 measurements...
  Processed 10310000 measurements...
  Processed 10320000 measurements...
  Processed 10330000 measurements...
  Processed 10340000 measurements...
  Processed 10350000 measurements...
  Processed 10360000 measurements...
  Processed 10370000 measurements...
  Processed 10380000 measurements...
  Processed 10390000 measurements...
  Processed 10400000 measurements...
  Processed 10410000 measurements...
  Processed 10420000 measurements...
  Processed 10430000 measurements...
  Processed 10440000 measurements...
  Processed 10450000 measurements...
  Processed 10460000 measurements...
  Processed 10470000 measurements...
  Processed 10480000 measurements...
  Processed 10490000 measurements...
  Processed 10500000 measurements...
  Processed 10510000 measurements...
  Processed 10520000 measurements...
  Processed 10530000 measurements...
  Processed 10540000 measurements...
  Processed 10550000 measurements...
  Processed 10560000 measurements...
  Processed 10570000 measurements...
  Processed 10580000 measurements...
  Processed 10590000 measurements...
  Processed 10600000 measurements...
  Processed 10610000 measurements...
  Processed 10620000 measurements...
  Processed 10630000 measurements...
  Processed 10640000 measurements...
  Processed 10650000 measurements...
  Processed 10660000 measurements...
  Processed 10670000 measurements...
  Processed 10680000 measurements...
  Processed 10690000 measurements...
  Processed 10700000 measurements...
  Processed 10710000 measurements...
  Processed 10720000 measurements...
  Processed 10730000 measurements...
  Processed 10740000 measurements...
  Processed 10750000 measurements...
  Processed 10760000 measurements...
  Processed 10770000 measurements...
  Processed 10780000 measurements...
  Processed 10790000 measurements...
  Processed 10800000 measurements...
  Processed 10810000 measurements...
  Processed 10820000 measurements...
  Processed 10830000 measurements...
  Processed 10840000 measurements...
  Processed 10850000 measurements...
  Processed 10860000 measurements...
  Processed 10870000 measurements...
  Processed 10880000 measurements...
  Processed 10890000 measurements...
  Processed 10900000 measurements...
  Processed 10910000 measurements...
  Processed 10920000 measurements...
  Processed 10930000 measurements...
  Processed 10940000 measurements...
  Processed 10950000 measurements...
  Processed 10960000 measurements...
  Processed 10970000 measurements...
  Processed 10980000 measurements...
  Processed 10990000 measurements...
  Processed 11000000 measurements...
  Processed 11010000 measurements...
  Processed 11020000 measurements...
  Processed 11030000 measurements...
  Processed 11040000 measurements...
  Processed 11050000 measurements...
  Processed 11060000 measurements...
  Processed 11070000 measurements...
  Processed 11080000 measurements...
  Processed 11090000 measurements...
  Processed 11100000 measurements...
  Processed 11110000 measurements...
  Processed 11120000 measurements...
  Processed 11130000 measurements...
  Processed 11140000 measurements...
  Processed 11150000 measurements...
  Processed 11160000 measurements...
  Processed 11170000 measurements...
  Processed 11180000 measurements...
  Processed 11190000 measurements...
  Processed 11200000 measurements...
  Processed 11210000 measurements...
  Processed 11220000 measurements...
  Processed 11230000 measurements...
  Processed 11240000 measurements...
  Processed 11250000 measurements...
  Processed 11260000 measurements...
  Processed 11270000 measurements...
  Processed 11280000 measurements...
  Processed 11290000 measurements...
  Processed 11300000 measurements...
  Processed 11310000 measurements...
  Processed 11320000 measurements...
  Processed 11330000 measurements...
  Processed 11340000 measurements...
  Processed 11350000 measurements...
  Processed 11360000 measurements...
  Processed 11370000 measurements...
  Processed 11380000 measurements...
  Processed 11390000 measurements...
  Processed 11400000 measurements...
  Processed 11410000 measurements...
  Processed 11420000 measurements...
  Processed 11430000 measurements...
  Processed 11440000 measurements...
  Processed 11450000 measurements...
  Processed 11460000 measurements...
  Processed 11470000 measurements...
  Processed 11480000 measurements...
  Processed 11490000 measurements...
  Processed 11500000 measurements...
  Processed 11510000 measurements...
  Processed 11520000 measurements...
  Processed 11530000 measurements...
  Processed 11540000 measurements...
  Processed 11550000 measurements...
  Processed 11560000 measurements...
  Processed 11570000 measurements...
  Processed 11580000 measurements...
  Processed 11590000 measurements...
  Processed 11600000 measurements...
  Processed 11610000 measurements...
  Processed 11620000 measurements...
  Processed 11630000 measurements...
  Processed 11640000 measurements...
  Processed 11650000 measurements...
  Processed 11660000 measurements...
  Processed 11670000 measurements...
  Processed 11680000 measurements...
  Processed 11690000 measurements...
  Processed 11700000 measurements...
  Processed 11710000 measurements...
  Processed 11720000 measurements...
  Processed 11730000 measurements...
  Processed 11740000 measurements...
  Processed 11750000 measurements...
  Processed 11760000 measurements...
  Processed 11770000 measurements...
  Processed 11780000 measurements...
  Processed 11790000 measurements...
  Processed 11800000 measurements...
  Processed 11810000 measurements...
  Processed 11820000 measurements...
  Processed 11830000 measurements...
  Processed 11840000 measurements...
  Processed 11850000 measurements...
  Processed 11860000 measurements...
  Processed 11870000 measurements...
  Processed 11880000 measurements...
  Processed 11890000 measurements...
  Processed 11900000 measurements...
  Processed 11910000 measurements...
  Processed 11920000 measurements...
  Processed 11930000 measurements...
  Processed 11940000 measurements...
  Processed 11950000 measurements...
  Processed 11960000 measurements...
  Processed 11970000 measurements...
  Processed 11980000 measurements...
  Processed 11990000 measurements...
  Processed 12000000 measurements...
  Processed 12010000 measurements...
  Processed 12020000 measurements...
  Processed 12030000 measurements...
  Processed 12040000 measurements...
  Processed 12050000 measurements...
  Processed 12060000 measurements...
  Processed 12070000 measurements...
  Processed 12080000 measurements...
  Processed 12090000 measurements...
  Processed 12100000 measurements...
  Processed 12110000 measurements...
  Processed 12120000 measurements...
  Processed 12130000 measurements...
  Processed 12140000 measurements...
  Processed 12150000 measurements...
  Processed 12160000 measurements...
  Processed 12170000 measurements...
  Processed 12180000 measurements...
  Processed 12190000 measurements...
  Processed 12200000 measurements...
  Processed 12210000 measurements...
  Processed 12220000 measurements...
  Processed 12230000 measurements...
  Processed 12240000 measurements...
  Processed 12250000 measurements...
  Processed 12260000 measurements...
  Processed 12270000 measurements...
  Processed 12280000 measurements...
  Processed 12290000 measurements...
  Processed 12300000 measurements...
  Processed 12310000 measurements...
  Processed 12320000 measurements...
  Processed 12330000 measurements...
  Processed 12340000 measurements...
  Processed 12350000 measurements...
  Processed 12360000 measurements...
  Processed 12370000 measurements...
  Processed 12380000 measurements...
  Processed 12390000 measurements...
  Processed 12400000 measurements...
  Processed 12410000 measurements...
  Processed 12420000 measurements...
  Processed 12430000 measurements...
  Processed 12440000 measurements...
  Processed 12450000 measurements...
  Processed 12460000 measurements...
  Processed 12470000 measurements...
  Processed 12480000 measurements...
  Processed 12490000 measurements...
  Processed 12500000 measurements...
  Processed 12510000 measurements...
  Processed 12520000 measurements...
  Processed 12530000 measurements...
  Processed 12540000 measurements...
  Processed 12550000 measurements...
  Processed 12560000 measurements...
  Processed 12570000 measurements...
  Processed 12580000 measurements...
  Processed 12590000 measurements...
  Processed 12600000 measurements...
  Processed 12610000 measurements...
  Processed 12620000 measurements...
  Processed 12630000 measurements...
  Processed 12640000 measurements...
  Processed 12650000 measurements...
  Processed 12660000 measurements...
  Processed 12670000 measurements...
  Processed 12680000 measurements...
  Processed 12690000 measurements...
  Processed 12700000 measurements...
  Processed 12710000 measurements...
  Processed 12720000 measurements...
  Processed 12730000 measurements...
  Processed 12740000 measurements...
  Processed 12750000 measurements...
  Processed 12760000 measurements...
  Processed 12770000 measurements...
  Processed 12780000 measurements...
  Processed 12790000 measurements...
  Processed 12800000 measurements...
  Processed 12810000 measurements...
  Processed 12820000 measurements...
  Processed 12830000 measurements...
  Processed 12840000 measurements...
  Processed 12850000 measurements...
  Processed 12860000 measurements...
  Processed 12870000 measurements...
  Processed 12880000 measurements...
  Processed 12890000 measurements...
  Processed 12900000 measurements...
  Processed 12910000 measurements...
  Processed 12920000 measurements...
  Processed 12930000 measurements...
  Processed 12940000 measurements...
  Processed 12950000 measurements...
  Processed 12960000 measurements...
  Processed 12970000 measurements...
  Processed 12980000 measurements...
  Processed 12990000 measurements...
  Processed 13000000 measurements...
  Processed 13010000 measurements...
  Processed 13020000 measurements...
  Processed 13030000 measurements...
  Processed 13040000 measurements...
  Processed 13050000 measurements...
  Processed 13060000 measurements...
  Processed 13070000 measurements...
  Processed 13080000 measurements...
  Processed 13090000 measurements...
  Processed 13100000 measurements...
  Processed 13110000 measurements...
  Processed 13120000 measurements...
  Processed 13130000 measurements...
  Processed 13140000 measurements...
  Processed 13150000 measurements...
  Processed 13160000 measurements...
  Processed 13170000 measurements...
  Processed 13180000 measurements...
  Processed 13190000 measurements...
  Processed 13200000 measurements...
  Processed 13210000 measurements...
  Processed 13220000 measurements...
  Processed 13230000 measurements...
  Processed 13240000 measurements...
  Processed 13250000 measurements...
  Processed 13260000 measurements...
  Processed 13270000 measurements...
  Processed 13280000 measurements...
  Processed 13290000 measurements...
  Processed 13300000 measurements...
  Processed 13310000 measurements...
  Processed 13320000 measurements...
  Processed 13330000 measurements...
  Processed 13340000 measurements...
  Processed 13350000 measurements...
  Processed 13360000 measurements...
  Processed 13370000 measurements...
  Processed 13380000 measurements...
  Processed 13390000 measurements...
  Processed 13400000 measurements...
  Processed 13410000 measurements...
  Processed 13420000 measurements...
  Processed 13430000 measurements...
  Processed 13440000 measurements...
  Processed 13450000 measurements...
  Processed 13460000 measurements...
  Processed 13470000 measurements...
  Processed 13480000 measurements...
  Processed 13490000 measurements...
  Processed 13500000 measurements...
  Processed 13510000 measurements...
  Processed 13520000 measurements...
  Processed 13530000 measurements...
  Processed 13540000 measurements...
  Processed 13550000 measurements...
  Processed 13560000 measurements...
  Processed 13570000 measurements...
  Processed 13580000 measurements...
  Processed 13590000 measurements...
  Processed 13600000 measurements...
  Processed 13610000 measurements...
  Processed 13620000 measurements...
  Processed 13630000 measurements...
  Processed 13640000 measurements...
  Processed 13650000 measurements...
  Processed 13660000 measurements...
  Processed 13670000 measurements...
  Processed 13680000 measurements...
  Processed 13690000 measurements...
  Processed 13700000 measurements...
  Processed 13710000 measurements...
  Processed 13720000 measurements...
  Processed 13730000 measurements...
  Processed 13740000 measurements...
  Processed 13750000 measurements...
  Processed 13760000 measurements...
  Processed 13770000 measurements...
  Processed 13780000 measurements...
  Processed 13790000 measurements...
  Processed 13800000 measurements...
  Processed 13810000 measurements...
  Processed 13820000 measurements...
  Processed 13830000 measurements...
  Processed 13840000 measurements...
  Processed 13850000 measurements...
  Processed 13860000 measurements...
  Processed 13870000 measurements...
  Processed 13880000 measurements...
  Processed 13890000 measurements...
  Processed 13900000 measurements...
  Processed 13910000 measurements...
  Processed 13920000 measurements...
  Processed 13930000 measurements...
  Processed 13940000 measurements...
  Processed 13950000 measurements...
  Processed 13960000 measurements...
  Processed 13970000 measurements...
  Processed 13980000 measurements...
  Processed 13990000 measurements...
  Processed 14000000 measurements...
  Processed 14010000 measurements...
  Processed 14020000 measurements...
  Processed 14030000 measurements...
  Processed 14040000 measurements...
  Processed 14050000 measurements...
  Processed 14060000 measurements...
  Processed 14070000 measurements...
  Processed 14080000 measurements...
  Processed 14090000 measurements...
  Processed 14100000 measurements...
  Processed 14110000 measurements...
  Processed 14120000 measurements...
  Processed 14130000 measurements...
  Processed 14140000 measurements...
  Processed 14150000 measurements...
  Processed 14160000 measurements...
  Processed 14170000 measurements...
  Processed 14180000 measurements...
  Processed 14190000 measurements...
  Processed 14200000 measurements...
  Processed 14210000 measurements...
  Processed 14220000 measurements...
  Processed 14230000 measurements...
  Processed 14240000 measurements...
  Processed 14250000 measurements...
  Processed 14260000 measurements...
  Processed 14270000 measurements...
  Processed 14280000 measurements...
  Processed 14290000 measurements...
  Processed 14300000 measurements...
  Processed 14310000 measurements...
  Processed 14320000 measurements...
  Processed 14330000 measurements...
  Processed 14340000 measurements...
  Processed 14350000 measurements...
  Processed 14360000 measurements...
  Processed 14370000 measurements...
  Processed 14380000 measurements...
  Processed 14390000 measurements...
  Processed 14400000 measurements...
  Processed 14410000 measurements...
  Processed 14420000 measurements...
  Processed 14430000 measurements...
  Processed 14440000 measurements...
  Processed 14450000 measurements...
  Processed 14460000 measurements...
  Processed 14470000 measurements...
  Processed 14480000 measurements...
  Processed 14490000 measurements...
  Processed 14500000 measurements...
  Processed 14510000 measurements...
  Processed 14520000 measurements...
  Processed 14530000 measurements...
  Processed 14540000 measurements...
  Processed 14550000 measurements...
  Processed 14560000 measurements...
  Processed 14570000 measurements...
  Processed 14580000 measurements...
  Processed 14590000 measurements...
  Processed 14600000 measurements...
  Processed 14610000 measurements...
  Processed 14620000 measurements...
  Processed 14630000 measurements...
  Processed 14640000 measurements...
  Processed 14650000 measurements...
  Processed 14660000 measurements...
  Processed 14670000 measurements...
  Processed 14680000 measurements...
  Processed 14690000 measurements...
  Processed 14700000 measurements...
  Processed 14710000 measurements...
  Processed 14720000 measurements...
  Processed 14730000 measurements...
  Processed 14740000 measurements...
  Processed 14750000 measurements...
  Processed 14760000 measurements...
  Processed 14770000 measurements...
  Processed 14780000 measurements...
  Processed 14790000 measurements...
  Processed 14800000 measurements...
  Processed 14810000 measurements...
  Processed 14820000 measurements...
  Processed 14830000 measurements...
  Processed 14840000 measurements...
  Processed 14850000 measurements...
  Processed 14860000 measurements...
  Processed 14870000 measurements...
  Processed 14880000 measurements...
  Processed 14890000 measurements...
  Processed 14900000 measurements...
  Processed 14910000 measurements...
  Processed 14920000 measurements...
  Processed 14930000 measurements...
  Processed 14940000 measurements...
  Processed 14950000 measurements...
  Processed 14960000 measurements...
  Processed 14970000 measurements...
  Processed 14980000 measurements...
  Processed 14990000 measurements...
  Processed 15000000 measurements...
  Processed 15010000 measurements...
  Processed 15020000 measurements...
  Processed 15030000 measurements...
  Processed 15040000 measurements...
  Processed 15050000 measurements...
  Processed 15060000 measurements...
  Processed 15070000 measurements...
  Processed 15080000 measurements...
  Processed 15090000 measurements...
  Processed 15100000 measurements...
  Processed 15110000 measurements...
  Processed 15120000 measurements...
  Processed 15130000 measurements...
  Processed 15140000 measurements...
  Processed 15150000 measurements...
  Processed 15160000 measurements...
  Processed 15170000 measurements...
  Processed 15180000 measurements...
  Processed 15190000 measurements...
  Processed 15200000 measurements...
  Processed 15210000 measurements...
  Processed 15220000 measurements...
  Processed 15230000 measurements...
  Processed 15240000 measurements...
  Processed 15250000 measurements...
  Processed 15260000 measurements...
  Processed 15270000 measurements...
  Processed 15280000 measurements...
  Processed 15290000 measurements...
  Processed 15300000 measurements...
  Processed 15310000 measurements...
  Processed 15320000 measurements...
  Processed 15330000 measurements...
  Processed 15340000 measurements...
  Processed 15350000 measurements...
  Processed 15360000 measurements...
  Processed 15370000 measurements...
  Processed 15380000 measurements...
  Processed 15390000 measurements...
  Processed 15400000 measurements...
  Processed 15410000 measurements...
  Processed 15420000 measurements...
  Processed 15430000 measurements...
  Processed 15440000 measurements...
  Processed 15450000 measurements...
  Processed 15460000 measurements...
  Processed 15470000 measurements...
  Processed 15480000 measurements...
  Processed 15490000 measurements...
  Processed 15500000 measurements...
  Processed 15510000 measurements...
  Processed 15520000 measurements...
  Processed 15530000 measurements...
  Processed 15540000 measurements...
  Processed 15550000 measurements...
  Processed 15560000 measurements...
  Processed 15570000 measurements...
  Processed 15580000 measurements...
  Processed 15590000 measurements...
  Processed 15600000 measurements...
  Processed 15610000 measurements...
  Processed 15620000 measurements...
  Processed 15630000 measurements...
  Processed 15640000 measurements...
  Processed 15650000 measurements...
  Processed 15660000 measurements...
  Processed 15670000 measurements...
  Processed 15680000 measurements...
  Processed 15690000 measurements...
  Processed 15700000 measurements...
  Processed 15710000 measurements...
  Processed 15720000 measurements...
  Processed 15730000 measurements...
  Processed 15740000 measurements...
  Processed 15750000 measurements...
  Processed 15760000 measurements...
  Processed 15770000 measurements...
  Processed 15780000 measurements...
  Processed 15790000 measurements...
  Processed 15800000 measurements...
  Processed 15810000 measurements...
  Processed 15820000 measurements...
  Processed 15830000 measurements...
  Processed 15840000 measurements...
  Processed 15850000 measurements...
  Processed 15860000 measurements...
  Processed 15870000 measurements...
  Processed 15880000 measurements...
  Processed 15890000 measurements...
  Processed 15900000 measurements...
  Processed 15910000 measurements...
  Processed 15920000 measurements...
  Processed 15930000 measurements...
  Processed 15940000 measurements...
  Processed 15950000 measurements...
  Processed 15960000 measurements...
  Processed 15970000 measurements...
  Processed 15980000 measurements...
  Processed 15990000 measurements...
  Processed 16000000 measurements...
  Processed 16010000 measurements...
  Processed 16020000 measurements...
  Processed 16030000 measurements...
  Processed 16040000 measurements...
  Processed 16050000 measurements...
  Processed 16060000 measurements...
  Processed 16070000 measurements...
  Processed 16080000 measurements...
  Processed 16090000 measurements...
  Processed 16100000 measurements...
  Processed 16110000 measurements...
  Processed 16120000 measurements...
  Processed 16130000 measurements...
  Processed 16140000 measurements...
  Processed 16150000 measurements...
  Processed 16160000 measurements...
  Processed 16170000 measurements...
  Processed 16180000 measurements...
  Processed 16190000 measurements...
  Processed 16200000 measurements...
  Processed 16210000 measurements...
  Processed 16220000 measurements...
  Processed 16230000 measurements...
  Processed 16240000 measurements...
  Processed 16250000 measurements...
  Processed 16260000 measurements...
  Processed 16270000 measurements...
  Processed 16280000 measurements...
  Processed 16290000 measurements...
  Processed 16300000 measurements...
  Processed 16310000 measurements...
  Processed 16320000 measurements...
  Processed 16330000 measurements...
  Processed 16340000 measurements...
  Processed 16350000 measurements...
  Processed 16360000 measurements...
  Processed 16370000 measurements...
  Processed 16380000 measurements...
  Processed 16390000 measurements...
  Processed 16400000 measurements...
  Processed 16410000 measurements...
  Processed 16420000 measurements...
  Processed 16430000 measurements...
  Processed 16440000 measurements...
  Processed 16450000 measurements...
  Processed 16460000 measurements...
  Processed 16470000 measurements...
  Processed 16480000 measurements...
  Processed 16490000 measurements...
  Processed 16500000 measurements...
  Processed 16510000 measurements...
  Processed 16520000 measurements...
  Processed 16530000 measurements...
  Processed 16540000 measurements...
  Processed 16550000 measurements...
  Processed 16560000 measurements...
  Processed 16570000 measurements...
  Processed 16580000 measurements...
  Processed 16590000 measurements...
  Processed 16600000 measurements...
  Processed 16610000 measurements...
  Processed 16620000 measurements...
  Processed 16630000 measurements...
  Processed 16640000 measurements...
  Processed 16650000 measurements...
  Processed 16660000 measurements...
  Processed 16670000 measurements...
  Processed 16680000 measurements...
  Processed 16690000 measurements...
  Processed 16700000 measurements...
  Processed 16710000 measurements...
  Processed 16720000 measurements...
  Processed 16730000 measurements...
  Processed 16740000 measurements...
  Processed 16750000 measurements...
  Processed 16760000 measurements...
  Processed 16770000 measurements...
  Processed 16780000 measurements...
  Processed 16790000 measurements...
  Processed 16800000 measurements...
  Processed 16810000 measurements...
  Processed 16820000 measurements...
  Processed 16830000 measurements...
  Processed 16840000 measurements...
  Processed 16850000 measurements...
  Processed 16860000 measurements...
  Processed 16870000 measurements...
  Processed 16880000 measurements...
  Processed 16890000 measurements...
  Processed 16900000 measurements...
  Processed 16910000 measurements...
  Processed 16920000 measurements...
  Processed 16930000 measurements...
  Processed 16940000 measurements...
  Processed 16950000 measurements...
  Processed 16960000 measurements...
  Processed 16970000 measurements...
  Processed 16980000 measurements...
  Processed 16990000 measurements...
  Processed 17000000 measurements...
  Processed 17010000 measurements...
  Processed 17020000 measurements...
  Processed 17030000 measurements...
  Processed 17040000 measurements...
  Processed 17050000 measurements...
  Processed 17060000 measurements...
  Processed 17070000 measurements...
  Processed 17080000 measurements...
  Processed 17090000 measurements...
  Processed 17100000 measurements...
  Processed 17110000 measurements...
  Processed 17120000 measurements...
  Processed 17130000 measurements...
  Processed 17140000 measurements...
  Processed 17150000 measurements...
  Processed 17160000 measurements...
  Processed 17170000 measurements...
  Processed 17180000 measurements...
  Processed 17190000 measurements...
  Processed 17200000 measurements...
  Processed 17210000 measurements...
  Processed 17220000 measurements...
  Processed 17230000 measurements...
  Processed 17240000 measurements...
  Processed 17250000 measurements...
  Processed 17260000 measurements...
  Processed 17270000 measurements...
  Processed 17280000 measurements...
  Processed 17290000 measurements...
  Processed 17300000 measurements...
  Processed 17310000 measurements...
  Processed 17320000 measurements...
  Processed 17330000 measurements...
  Processed 17340000 measurements...
  Processed 17350000 measurements...
  Processed 17360000 measurements...
  Processed 17370000 measurements...
  Processed 17380000 measurements...
  Processed 17390000 measurements...
  Processed 17400000 measurements...
  Processed 17410000 measurements...
  Processed 17420000 measurements...
  Processed 17430000 measurements...
  Processed 17440000 measurements...
  Processed 17450000 measurements...
  Processed 17460000 measurements...
  Processed 17470000 measurements...
  Processed 17480000 measurements...
  Processed 17490000 measurements...
  Processed 17500000 measurements...
  Processed 17510000 measurements...
  Processed 17520000 measurements...
  Processed 17530000 measurements...
  Processed 17540000 measurements...
  Processed 17550000 measurements...
  Processed 17560000 measurements...
  Processed 17570000 measurements...
  Processed 17580000 measurements...
  Processed 17590000 measurements...
  Processed 17600000 measurements...
  Processed 17610000 measurements...
  Processed 17620000 measurements...
  Processed 17630000 measurements...
  Processed 17640000 measurements...
  Processed 17650000 measurements...
  Processed 17660000 measurements...
  Processed 17670000 measurements...
  Processed 17680000 measurements...
  Processed 17690000 measurements...
  Processed 17700000 measurements...
  Processed 17710000 measurements...
  Processed 17720000 measurements...
  Processed 17730000 measurements...
  Processed 17740000 measurements...
  Processed 17750000 measurements...
  Processed 17760000 measurements...
  Processed 17770000 measurements...
  Processed 17780000 measurements...
  Processed 17790000 measurements...
  Processed 17800000 measurements...
  Processed 17810000 measurements...
  Processed 17820000 measurements...
  Processed 17830000 measurements...
  Processed 17840000 measurements...
  Processed 17850000 measurements...
  Processed 17860000 measurements...
  Processed 17870000 measurements...
  Processed 17880000 measurements...
  Processed 17890000 measurements...
  Processed 17900000 measurements...
  Processed 17910000 measurements...
  Processed 17920000 measurements...
  Processed 17930000 measurements...
  Processed 17940000 measurements...
  Processed 17950000 measurements...
  Processed 17960000 measurements...
  Processed 17970000 measurements...
  Processed 17980000 measurements...
  Processed 17990000 measurements...
  Processed 18000000 measurements...
  Processed 18010000 measurements...
  Processed 18020000 measurements...
  Processed 18030000 measurements...
  Processed 18040000 measurements...
  Processed 18050000 measurements...
  Processed 18060000 measurements...
  Processed 18070000 measurements...
  Processed 18080000 measurements...
  Processed 18090000 measurements...
  Processed 18100000 measurements...
  Processed 18110000 measurements...
  Processed 18120000 measurements...
  Processed 18130000 measurements...
  Processed 18140000 measurements...
  Processed 18150000 measurements...
  Processed 18160000 measurements...
  Processed 18170000 measurements...
  Processed 18180000 measurements...
  Processed 18190000 measurements...
  Processed 18200000 measurements...
  Processed 18210000 measurements...
  Processed 18220000 measurements...
  Processed 18230000 measurements...
  Processed 18240000 measurements...
  Processed 18250000 measurements...
  Processed 18260000 measurements...
  Processed 18270000 measurements...
  Processed 18280000 measurements...
  Processed 18290000 measurements...
  Processed 18300000 measurements...
  Processed 18310000 measurements...
  Processed 18320000 measurements...
  Processed 18330000 measurements...
  Processed 18340000 measurements...
  Processed 18350000 measurements...
  Processed 18360000 measurements...
  Processed 18370000 measurements...
  Processed 18380000 measurements...
  Processed 18390000 measurements...
  Processed 18400000 measurements...
  Processed 18410000 measurements...
  Processed 18420000 measurements...
  Processed 18430000 measurements...
  Processed 18440000 measurements...
  Processed 18450000 measurements...
  Processed 18460000 measurements...
  Processed 18470000 measurements...
  Processed 18480000 measurements...
  Processed 18490000 measurements...
  Processed 18500000 measurements...
  Processed 18510000 measurements...
  Processed 18520000 measurements...
  Processed 18530000 measurements...
  Processed 18540000 measurements...
  Processed 18550000 measurements...
  Processed 18560000 measurements...
  Processed 18570000 measurements...
  Processed 18580000 measurements...
  Processed 18590000 measurements...
  Processed 18600000 measurements...
  Processed 18610000 measurements...
  Processed 18620000 measurements...
  Processed 18630000 measurements...
  Processed 18640000 measurements...
  Processed 18650000 measurements...
  Processed 18660000 measurements...
  Processed 18670000 measurements...
  Processed 18680000 measurements...
  Processed 18690000 measurements...
  Processed 18700000 measurements...
  Processed 18710000 measurements...
  Processed 18720000 measurements...
  Processed 18730000 measurements...
  Processed 18740000 measurements...
  Processed 18750000 measurements...
  Processed 18760000 measurements...
  Processed 18770000 measurements...
  Processed 18780000 measurements...
  Processed 18790000 measurements...
  Processed 18800000 measurements...
  Processed 18810000 measurements...
  Processed 18820000 measurements...
  Processed 18830000 measurements...
  Processed 18840000 measurements...
  Processed 18850000 measurements...
  Processed 18860000 measurements...
  Processed 18870000 measurements...
  Processed 18880000 measurements...
  Processed 18890000 measurements...
  Processed 18900000 measurements...
  Processed 18910000 measurements...
  Processed 18920000 measurements...
  Processed 18930000 measurements...
  Processed 18940000 measurements...
  Processed 18950000 measurements...
  Processed 18960000 measurements...
  Processed 18970000 measurements...
  Processed 18980000 measurements...
  Processed 18990000 measurements...
  Processed 19000000 measurements...
  Processed 19010000 measurements...
  Processed 19020000 measurements...
  Processed 19030000 measurements...
  Processed 19040000 measurements...
  Processed 19050000 measurements...
  Processed 19060000 measurements...
  Processed 19070000 measurements...
  Processed 19080000 measurements...
  Processed 19090000 measurements...
  Processed 19100000 measurements...
  Processed 19110000 measurements...
  Processed 19120000 measurements...
  Processed 19130000 measurements...
  Processed 19140000 measurements...
  Processed 19150000 measurements...
  Processed 19160000 measurements...
  Processed 19170000 measurements...
  Processed 19180000 measurements...
  Processed 19190000 measurements...
  Processed 19200000 measurements...
  Processed 19210000 measurements...
  Processed 19220000 measurements...
  Processed 19230000 measurements...
  Processed 19240000 measurements...
  Processed 19250000 measurements...
  Processed 19260000 measurements...
  Processed 19270000 measurements...
  Processed 19280000 measurements...
  Processed 19290000 measurements...
  Processed 19300000 measurements...
  Processed 19310000 measurements...
  Processed 19320000 measurements...
  Processed 19330000 measurements...
  Processed 19340000 measurements...
  Processed 19350000 measurements...
  Processed 19360000 measurements...
  Processed 19370000 measurements...
  Processed 19380000 measurements...
  Processed 19390000 measurements...
  Processed 19400000 measurements...
  Processed 19410000 measurements...
  Processed 19420000 measurements...
  Processed 19430000 measurements...
  Processed 19440000 measurements...
  Processed 19450000 measurements...
  Processed 19460000 measurements...
  Processed 19470000 measurements...
  Processed 19480000 measurements...
  Processed 19490000 measurements...
  Processed 19500000 measurements...
  Processed 19510000 measurements...
  Processed 19520000 measurements...
  Processed 19530000 measurements...
  Processed 19540000 measurements...
  Processed 19550000 measurements...
  Processed 19560000 measurements...
  Processed 19570000 measurements...
  Processed 19580000 measurements...
  Processed 19590000 measurements...
  Processed 19600000 measurements...
  Processed 19610000 measurements...
  Processed 19620000 measurements...
  Processed 19630000 measurements...
  Processed 19640000 measurements...
  Processed 19650000 measurements...
  Processed 19660000 measurements...
  Processed 19670000 measurements...
  Processed 19680000 measurements...
  Processed 19690000 measurements...
  Processed 19700000 measurements...
  Processed 19710000 measurements...
  Processed 19720000 measurements...
  Processed 19730000 measurements...
  Processed 19740000 measurements...
  Processed 19750000 measurements...
  Processed 19760000 measurements...
  Processed 19770000 measurements...
  Processed 19780000 measurements...
  Processed 19790000 measurements...
  Processed 19800000 measurements...
  Processed 19810000 measurements...
  Processed 19820000 measurements...
  Processed 19830000 measurements...
  Processed 19840000 measurements...
  Processed 19850000 measurements...
  Processed 19860000 measurements...
  Processed 19870000 measurements...
  Processed 19880000 measurements...
  Processed 19890000 measurements...
  Processed 19900000 measurements...
  Processed 19910000 measurements...
  Processed 19920000 measurements...
  Processed 19930000 measurements...
  Processed 19940000 measurements...
  Processed 19950000 measurements...
  Processed 19960000 measurements...
  Processed 19970000 measurements...
  Processed 19980000 measurements...
  Processed 19990000 measurements...
  Processed 20000000 measurements...
  Processed 20010000 measurements...
  Processed 20020000 measurements...
  Processed 20030000 measurements...
  Processed 20040000 measurements...
  Processed 20050000 measurements...
  Processed 20060000 measurements...
  Processed 20070000 measurements...
  Processed 20080000 measurements...
  Processed 20090000 measurements...
  Processed 20100000 measurements...
  Processed 20110000 measurements...
  Processed 20120000 measurements...
  Processed 20130000 measurements...
  Processed 20140000 measurements...
  Processed 20150000 measurements...
  Processed 20160000 measurements...
  Processed 20170000 measurements...
  Processed 20180000 measurements...
  Processed 20190000 measurements...
  Processed 20200000 measurements...
  Processed 20210000 measurements...
  Processed 20220000 measurements...
  Processed 20230000 measurements...
  Processed 20240000 measurements...
  Processed 20250000 measurements...
  Processed 20260000 measurements...
  Processed 20270000 measurements...
  Processed 20280000 measurements...
  Processed 20290000 measurements...
  Processed 20300000 measurements...
  Processed 20310000 measurements...
  Processed 20320000 measurements...
  Processed 20330000 measurements...
  Processed 20340000 measurements...
  Processed 20350000 measurements...
  Processed 20360000 measurements...
  Processed 20370000 measurements...
  Processed 20380000 measurements...
  Processed 20390000 measurements...
  Processed 20400000 measurements...
  Processed 20410000 measurements...
  Processed 20420000 measurements...
  Processed 20430000 measurements...
  Processed 20440000 measurements...
  Processed 20450000 measurements...
  Processed 20460000 measurements...
  Processed 20470000 measurements...
  Processed 20480000 measurements...
  Processed 20490000 measurements...
  Processed 20500000 measurements...
  Processed 20510000 measurements...
  Processed 20520000 measurements...
  Processed 20530000 measurements...
  Processed 20540000 measurements...
  Processed 20550000 measurements...
  Processed 20560000 measurements...
  Processed 20570000 measurements...
  Processed 20580000 measurements...
  Processed 20590000 measurements...
  Processed 20600000 measurements...
  Processed 20610000 measurements...
  Processed 20620000 measurements...
  Processed 20630000 measurements...
  Processed 20640000 measurements...
  Processed 20650000 measurements...
  Processed 20660000 measurements...
  Processed 20670000 measurements...
  Processed 20680000 measurements...
  Processed 20690000 measurements...
  Processed 20700000 measurements...
  Processed 20710000 measurements...
  Processed 20720000 measurements...
  Processed 20730000 measurements...
  Processed 20740000 measurements...
  Processed 20750000 measurements...
  Processed 20760000 measurements...
  Processed 20770000 measurements...
  Processed 20780000 measurements...
  Processed 20790000 measurements...
  Processed 20800000 measurements...
  Processed 20810000 measurements...
  Processed 20820000 measurements...
  Processed 20830000 measurements...
  Processed 20840000 measurements...
  Processed 20850000 measurements...
  Processed 20860000 measurements...
  Processed 20870000 measurements...
  Processed 20880000 measurements...
  Processed 20890000 measurements...
  Processed 20900000 measurements...
  Processed 20910000 measurements...
  Processed 20920000 measurements...
  Processed 20930000 measurements...
  Processed 20940000 measurements...
  Processed 20950000 measurements...
  Processed 20960000 measurements...
  Processed 20970000 measurements...
  Processed 20980000 measurements...
  Processed 20990000 measurements...
  Processed 21000000 measurements...
  Processed 21010000 measurements...
  Processed 21020000 measurements...
  Processed 21030000 measurements...
  Processed 21040000 measurements...
  Processed 21050000 measurements...
  Processed 21060000 measurements...
  Processed 21070000 measurements...
  Processed 21080000 measurements...
  Processed 21090000 measurements...
  Processed 21100000 measurements...
  Processed 21110000 measurements...
  Processed 21120000 measurements...
  Processed 21130000 measurements...
  Processed 21140000 measurements...
  Processed 21150000 measurements...
  Processed 21160000 measurements...
  Processed 21170000 measurements...
  Processed 21180000 measurements...
  Processed 21190000 measurements...
  Processed 21200000 measurements...
  Processed 21210000 measurements...
  Processed 21220000 measurements...
  Processed 21230000 measurements...
  Processed 21240000 measurements...
  Processed 21250000 measurements...
  Processed 21260000 measurements...
  Processed 21270000 measurements...
  Processed 21280000 measurements...
  Processed 21290000 measurements...
  Processed 21300000 measurements...
  Processed 21310000 measurements...
  Processed 21320000 measurements...
  Processed 21330000 measurements...
  Processed 21340000 measurements...
  Processed 21350000 measurements...
  Processed 21360000 measurements...
  Processed 21370000 measurements...
  Processed 21380000 measurements...
  Processed 21390000 measurements...
  Processed 21400000 measurements...
  Processed 21410000 measurements...
  Processed 21420000 measurements...
  Processed 21430000 measurements...
  Processed 21440000 measurements...
  Processed 21450000 measurements...
  Processed 21460000 measurements...
  Processed 21470000 measurements...
  Processed 21480000 measurements...
  Processed 21490000 measurements...
  Processed 21500000 measurements...
  Processed 21510000 measurements...
  Processed 21520000 measurements...
  Processed 21530000 measurements...
  Processed 21540000 measurements...
  Processed 21550000 measurements...
  Processed 21560000 measurements...
  Processed 21570000 measurements...
  Processed 21580000 measurements...
  Processed 21590000 measurements...
  Processed 21600000 measurements...
  Processed 21610000 measurements...
  Processed 21620000 measurements...
  Processed 21630000 measurements...
  Processed 21640000 measurements...
  Processed 21650000 measurements...
  Processed 21660000 measurements...
  Processed 21670000 measurements...
  Processed 21680000 measurements...
  Processed 21690000 measurements...
  Processed 21700000 measurements...
  Processed 21710000 measurements...
  Processed 21720000 measurements...
  Processed 21730000 measurements...
  Processed 21740000 measurements...
  Processed 21750000 measurements...
  Processed 21760000 measurements...
  Processed 21770000 measurements...
  Processed 21780000 measurements...
  Processed 21790000 measurements...
  Processed 21800000 measurements...
  Processed 21810000 measurements...
  Processed 21820000 measurements...
  Processed 21830000 measurements...
  Processed 21840000 measurements...
  Processed 21850000 measurements...
  Processed 21860000 measurements...
  Processed 21870000 measurements...
  Processed 21880000 measurements...
  Processed 21890000 measurements...
  Processed 21900000 measurements...
  Processed 21910000 measurements...
  Processed 21920000 measurements...
  Processed 21930000 measurements...
  Processed 21940000 measurements...
  Processed 21950000 measurements...
  Processed 21960000 measurements...
  Processed 21970000 measurements...
  Processed 21980000 measurements...
  Processed 21990000 measurements...
  Processed 22000000 measurements...
  Processed 22010000 measurements...
  Processed 22020000 measurements...
  Processed 22030000 measurements...
  Processed 22040000 measurements...
  Processed 22050000 measurements...
  Processed 22060000 measurements...
  Processed 22070000 measurements...
  Processed 22080000 measurements...
  Processed 22090000 measurements...
  Processed 22100000 measurements...
  Processed 22110000 measurements...
  Processed 22120000 measurements...
  Processed 22130000 measurements...
  Processed 22140000 measurements...
  Processed 22150000 measurements...
  Processed 22160000 measurements...
  Processed 22170000 measurements...
  Processed 22180000 measurements...
  Processed 22190000 measurements...
  Processed 22200000 measurements...
  Processed 22210000 measurements...
  Processed 22220000 measurements...
  Processed 22230000 measurements...
  Processed 22240000 measurements...
  Processed 22250000 measurements...
  Processed 22260000 measurements...
  Processed 22270000 measurements...
  Processed 22280000 measurements...
  Processed 22290000 measurements...
  Processed 22300000 measurements...
  Processed 22310000 measurements...
  Processed 22320000 measurements...
  Processed 22330000 measurements...
  Processed 22340000 measurements...
  Processed 22350000 measurements...
  Processed 22360000 measurements...
  Processed 22370000 measurements...
  Processed 22380000 measurements...
  Processed 22390000 measurements...
  Processed 22400000 measurements...
  Processed 22410000 measurements...
  Processed 22420000 measurements...
  Processed 22430000 measurements...
  Processed 22440000 measurements...
  Processed 22450000 measurements...
  Processed 22460000 measurements...
  Processed 22470000 measurements...
  Processed 22480000 measurements...
  Processed 22490000 measurements...
  Processed 22500000 measurements...
  Processed 22510000 measurements...
  Processed 22520000 measurements...
  Processed 22530000 measurements...
  Processed 22540000 measurements...
  Processed 22550000 measurements...
  Processed 22560000 measurements...
  Processed 22570000 measurements...
  Processed 22580000 measurements...
  Processed 22590000 measurements...
  Processed 22600000 measurements...
  Processed 22610000 measurements...
  Processed 22620000 measurements...
  Processed 22630000 measurements...
  Processed 22640000 measurements...
  Processed 22650000 measurements...
  Processed 22660000 measurements...
  Processed 22670000 measurements...
  Processed 22680000 measurements...
  Processed 22690000 measurements...
  Processed 22700000 measurements...
  Processed 22710000 measurements...
  Processed 22720000 measurements...
  Processed 22730000 measurements...
  Processed 22740000 measurements...
  Processed 22750000 measurements...
  Processed 22760000 measurements...
  Processed 22770000 measurements...
  Processed 22780000 measurements...
  Processed 22790000 measurements...
  Processed 22800000 measurements...
  Processed 22810000 measurements...
  Processed 22820000 measurements...
  Processed 22830000 measurements...
  Processed 22840000 measurements...
  Processed 22850000 measurements...
  Processed 22860000 measurements...
  Processed 22870000 measurements...
  Processed 22880000 measurements...
  Processed 22890000 measurements...
  Processed 22900000 measurements...
  Processed 22910000 measurements...
  Processed 22920000 measurements...
  Processed 22930000 measurements...
  Processed 22940000 measurements...
  Processed 22950000 measurements...
  Processed 22960000 measurements...
  Processed 22970000 measurements...
  Processed 22980000 measurements...
  Processed 22990000 measurements...
  Processed 23000000 measurements...
  Processed 23010000 measurements...
  Processed 23020000 measurements...
  Processed 23030000 measurements...
  Processed 23040000 measurements...
  Processed 23050000 measurements...
  Processed 23060000 measurements...
  Processed 23070000 measurements...
  Processed 23080000 measurements...
  Processed 23090000 measurements...
  Processed 23100000 measurements...
  Processed 23110000 measurements...
  Processed 23120000 measurements...
  Processed 23130000 measurements...
  Processed 23140000 measurements...
  Processed 23150000 measurements...
  Processed 23160000 measurements...
  Processed 23170000 measurements...
  Processed 23180000 measurements...
  Processed 23190000 measurements...
  Processed 23200000 measurements...
  Processed 23210000 measurements...
  Processed 23220000 measurements...
  Processed 23230000 measurements...
  Processed 23240000 measurements...
  Processed 23250000 measurements...
  Processed 23260000 measurements...
  Processed 23270000 measurements...
  Processed 23280000 measurements...
  Processed 23290000 measurements...
  Processed 23300000 measurements...
  Processed 23310000 measurements...
  Processed 23320000 measurements...
  Processed 23330000 measurements...
  Processed 23340000 measurements...
  Processed 23350000 measurements...
  Processed 23360000 measurements...
  Processed 23370000 measurements...
  Processed 23380000 measurements...
  Processed 23390000 measurements...
  Processed 23400000 measurements...
  Processed 23410000 measurements...
  Processed 23420000 measurements...
  Processed 23430000 measurements...
  Processed 23440000 measurements...
  Processed 23450000 measurements...
  Processed 23460000 measurements...
  Processed 23470000 measurements...
  Processed 23480000 measurements...
  Processed 23490000 measurements...
  Processed 23500000 measurements...
  Processed 23510000 measurements...
  Processed 23520000 measurements...
  Processed 23530000 measurements...
  Processed 23540000 measurements...
  Processed 23550000 measurements...
  Processed 23560000 measurements...
  Processed 23570000 measurements...
  Processed 23580000 measurements...
  Processed 23590000 measurements...
  Processed 23600000 measurements...
  Processed 23610000 measurements...
  Processed 23620000 measurements...
  Processed 23630000 measurements...
  Processed 23640000 measurements...
  Processed 23650000 measurements...
  Processed 23660000 measurements...
  Processed 23670000 measurements...
  Processed 23680000 measurements...
  Processed 23690000 measurements...
  Processed 23700000 measurements...
  Processed 23710000 measurements...
  Processed 23720000 measurements...
  Processed 23730000 measurements...
  Processed 23740000 measurements...
  Processed 23750000 measurements...
  Processed 23760000 measurements...
  Processed 23770000 measurements...
  Processed 23780000 measurements...
  Processed 23790000 measurements...
  Processed 23800000 measurements...
  Processed 23810000 measurements...
  Processed 23820000 measurements...
  Processed 23830000 measurements...
  Processed 23840000 measurements...
  Processed 23850000 measurements...
  Processed 23860000 measurements...
  Processed 23870000 measurements...
  Processed 23880000 measurements...
  Processed 23890000 measurements...
  Processed 23900000 measurements...
  Processed 23910000 measurements...
  Processed 23920000 measurements...
  Processed 23930000 measurements...
  Processed 23940000 measurements...
  Processed 23950000 measurements...
  Processed 23960000 measurements...
  Processed 23970000 measurements...
  Processed 23980000 measurements...
  Processed 23990000 measurements...
  Processed 24000000 measurements...
  Processed 24010000 measurements...
  Processed 24020000 measurements...
  Processed 24030000 measurements...
  Processed 24040000 measurements...
  Processed 24050000 measurements...
  Processed 24060000 measurements...
  Processed 24070000 measurements...
  Processed 24080000 measurements...
  Processed 24090000 measurements...
  Processed 24100000 measurements...
  Processed 24110000 measurements...
  Processed 24120000 measurements...
  Processed 24130000 measurements...
  Processed 24140000 measurements...
  Processed 24150000 measurements...
  Processed 24160000 measurements...
  Processed 24170000 measurements...
  Processed 24180000 measurements...
  Processed 24190000 measurements...
  Processed 24200000 measurements...
  Processed 24210000 measurements...
  Processed 24220000 measurements...
  Processed 24230000 measurements...
  Processed 24240000 measurements...
  Processed 24250000 measurements...
  Processed 24260000 measurements...
  Processed 24270000 measurements...
  Processed 24280000 measurements...
  Processed 24290000 measurements...
  Processed 24300000 measurements...
  Processed 24310000 measurements...
  Processed 24320000 measurements...
  Processed 24330000 measurements...
  Processed 24340000 measurements...
  Processed 24350000 measurements...
  Processed 24360000 measurements...
  Processed 24370000 measurements...
  Processed 24380000 measurements...
  Processed 24390000 measurements...
  Processed 24400000 measurements...
  Processed 24410000 measurements...
  Processed 24420000 measurements...
  Processed 24430000 measurements...
  Processed 24440000 measurements...
  Processed 24450000 measurements...
  Processed 24460000 measurements...
  Processed 24470000 measurements...
  Processed 24480000 measurements...
  Processed 24490000 measurements...
  Processed 24500000 measurements...
  Processed 24510000 measurements...
  Processed 24520000 measurements...
  Processed 24530000 measurements...
  Processed 24540000 measurements...
  Processed 24550000 measurements...
  Processed 24560000 measurements...
  Processed 24570000 measurements...
  Processed 24580000 measurements...
  Processed 24590000 measurements...
  Processed 24600000 measurements...
  Processed 24610000 measurements...
  Processed 24620000 measurements...
  Processed 24630000 measurements...
  Processed 24640000 measurements...
  Processed 24650000 measurements...
  Processed 24660000 measurements...
  Processed 24670000 measurements...
  Processed 24680000 measurements...
  Processed 24690000 measurements...
  Processed 24700000 measurements...
  Processed 24710000 measurements...
  Processed 24720000 measurements...
  Processed 24730000 measurements...
  Processed 24740000 measurements...
  Processed 24750000 measurements...
  Processed 24760000 measurements...
  Processed 24770000 measurements...
  Processed 24780000 measurements...
  Processed 24790000 measurements...
  Processed 24800000 measurements...
  Processed 24810000 measurements...
  Processed 24820000 measurements...
  Processed 24830000 measurements...
  Processed 24840000 measurements...
  Processed 24850000 measurements...
  Processed 24860000 measurements...
  Processed 24870000 measurements...
  Processed 24880000 measurements...
  Processed 24890000 measurements...
  Processed 24900000 measurements...
  Processed 24910000 measurements...
  Processed 24920000 measurements...
  Processed 24930000 measurements...
  Processed 24940000 measurements...
  Processed 24950000 measurements...
  Processed 24960000 measurements...
  Processed 24970000 measurements...
  Processed 24980000 measurements...
  Processed 24990000 measurements...
  Processed 25000000 measurements...
  Processed 25010000 measurements...
  Processed 25020000 measurements...
  Processed 25030000 measurements...
  Processed 25040000 measurements...
  Processed 25050000 measurements...
  Processed 25060000 measurements...
  Processed 25070000 measurements...
  Processed 25080000 measurements...
  Processed 25090000 measurements...
  Processed 25100000 measurements...
  Processed 25110000 measurements...
  Processed 25120000 measurements...
  Processed 25130000 measurements...
  Processed 25140000 measurements...
  Processed 25150000 measurements...
  Processed 25160000 measurements...
  Processed 25170000 measurements...
  Processed 25180000 measurements...
  Processed 25190000 measurements...
  Processed 25200000 measurements...
  Processed 25210000 measurements...
  Processed 25220000 measurements...
  Processed 25230000 measurements...
  Processed 25240000 measurements...
  Processed 25250000 measurements...
  Processed 25260000 measurements...
  Processed 25270000 measurements...
  Processed 25280000 measurements...
  Processed 25290000 measurements...
  Processed 25300000 measurements...
  Processed 25310000 measurements...
  Processed 25320000 measurements...
  Processed 25330000 measurements...
  Processed 25340000 measurements...
  Processed 25350000 measurements...
  Processed 25360000 measurements...
  Processed 25370000 measurements...
  Processed 25380000 measurements...
  Processed 25390000 measurements...
  Processed 25400000 measurements...
  Processed 25410000 measurements...
  Processed 25420000 measurements...
  Processed 25430000 measurements...
  Processed 25440000 measurements...
  Processed 25450000 measurements...
  Processed 25460000 measurements...
  Processed 25470000 measurements...
  Processed 25480000 measurements...
  Processed 25490000 measurements...
  Processed 25500000 measurements...
  Processed 25510000 measurements...
  Processed 25520000 measurements...
  Processed 25530000 measurements...
  Processed 25540000 measurements...
  Processed 25550000 measurements...
  Processed 25560000 measurements...
  Processed 25570000 measurements...
  Processed 25580000 measurements...
  Processed 25590000 measurements...
  Processed 25600000 measurements...
  Processed 25610000 measurements...
  Processed 25620000 measurements...
  Processed 25630000 measurements...
  Processed 25640000 measurements...
  Processed 25650000 measurements...
  Processed 25660000 measurements...
  Processed 25670000 measurements...
  Processed 25680000 measurements...
  Processed 25690000 measurements...
  Processed 25700000 measurements...
  Processed 25710000 measurements...
  Processed 25720000 measurements...
  Processed 25730000 measurements...
  Processed 25740000 measurements...
  Processed 25750000 measurements...
  Processed 25760000 measurements...
  Processed 25770000 measurements...
  Processed 25780000 measurements...
  Processed 25790000 measurements...
  Processed 25800000 measurements...
  Processed 25810000 measurements...
  Processed 25820000 measurements...
  Processed 25830000 measurements...
  Processed 25840000 measurements...
  Processed 25850000 measurements...
  Processed 25860000 measurements...
  Processed 25870000 measurements...
  Processed 25880000 measurements...
  Processed 25890000 measurements...
  Processed 25900000 measurements...
  Processed 25910000 measurements...
  Processed 25920000 measurements...
  Processed 25930000 measurements...
  Processed 25940000 measurements...
  Processed 25950000 measurements...
  Processed 25960000 measurements...
  Processed 25970000 measurements...
  Processed 25980000 measurements...
  Processed 25990000 measurements...
  Processed 26000000 measurements...
  Processed 26010000 measurements...
  Processed 26020000 measurements...
  Processed 26030000 measurements...
  Processed 26040000 measurements...
  Processed 26050000 measurements...
  Processed 26060000 measurements...
  Processed 26070000 measurements...
  Processed 26080000 measurements...
  Processed 26090000 measurements...
  Processed 26100000 measurements...
  Processed 26110000 measurements...
  Processed 26120000 measurements...
  Processed 26130000 measurements...
  Processed 26140000 measurements...
  Processed 26150000 measurements...
  Processed 26160000 measurements...
  Processed 26170000 measurements...
  Processed 26180000 measurements...
  Processed 26190000 measurements...
  Processed 26200000 measurements...
  Processed 26210000 measurements...
  Processed 26220000 measurements...
  Processed 26230000 measurements...
  Processed 26240000 measurements...
  Processed 26250000 measurements...
  Processed 26260000 measurements...
  Processed 26270000 measurements...
  Processed 26280000 measurements...
  Processed 26290000 measurements...
  Processed 26300000 measurements...
  Processed 26310000 measurements...
  Processed 26320000 measurements...
  Processed 26330000 measurements...
  Processed 26340000 measurements...
  Processed 26350000 measurements...
  Processed 26360000 measurements...
  Processed 26370000 measurements...
  Processed 26380000 measurements...
  Processed 26390000 measurements...
  Processed 26400000 measurements...
  Processed 26410000 measurements...
  Processed 26420000 measurements...
  Processed 26430000 measurements...
  Processed 26440000 measurements...
  Processed 26450000 measurements...
  Processed 26460000 measurements...
  Processed 26470000 measurements...
  Processed 26480000 measurements...
  Processed 26490000 measurements...
  Processed 26500000 measurements...
  Processed 26510000 measurements...
  Processed 26520000 measurements...
  Processed 26530000 measurements...
  Processed 26540000 measurements...
  Processed 26550000 measurements...
  Processed 26560000 measurements...
  Processed 26570000 measurements...
  Processed 26580000 measurements...
  Processed 26590000 measurements...
  Processed 26600000 measurements...
  Processed 26610000 measurements...
  Processed 26620000 measurements...
  Processed 26630000 measurements...
  Processed 26640000 measurements...
  Processed 26650000 measurements...
  Processed 26660000 measurements...
  Processed 26670000 measurements...
  Processed 26680000 measurements...
  Processed 26690000 measurements...
  Processed 26700000 measurements...
  Processed 26710000 measurements...
  Processed 26720000 measurements...
  Processed 26730000 measurements...
  Processed 26740000 measurements...
  Processed 26750000 measurements...
  Processed 26760000 measurements...
  Processed 26770000 measurements...
  Processed 26780000 measurements...
  Processed 26790000 measurements...
  Processed 26800000 measurements...
  Processed 26810000 measurements...
  Processed 26820000 measurements...
  Processed 26830000 measurements...
  Processed 26840000 measurements...
  Processed 26850000 measurements...
  Processed 26860000 measurements...
  Processed 26870000 measurements...
  Processed 26880000 measurements...
  Processed 26890000 measurements...
  Processed 26900000 measurements...
  Processed 26910000 measurements...
  Processed 26920000 measurements...
  Processed 26930000 measurements...
  Processed 26940000 measurements...
  Processed 26950000 measurements...
  Processed 26960000 measurements...
  Processed 26970000 measurements...
  Processed 26980000 measurements...
  Processed 26990000 measurements...
  Processed 27000000 measurements...
  Processed 27010000 measurements...
  Processed 27020000 measurements...
  Processed 27030000 measurements...
  Processed 27040000 measurements...
  Processed 27050000 measurements...
  Processed 27060000 measurements...
  Processed 27070000 measurements...
  Processed 27080000 measurements...
  Processed 27090000 measurements...
  Processed 27100000 measurements...
  Processed 27110000 measurements...
  Processed 27120000 measurements...
  Processed 27130000 measurements...
  Processed 27140000 measurements...
  Processed 27150000 measurements...
  Processed 27160000 measurements...
  Processed 27170000 measurements...
  Processed 27180000 measurements...
  Processed 27190000 measurements...
  Processed 27200000 measurements...
  Processed 27210000 measurements...
  Processed 27220000 measurements...
  Processed 27230000 measurements...
  Processed 27240000 measurements...
  Processed 27250000 measurements...
  Processed 27260000 measurements...
  Processed 27270000 measurements...
  Processed 27280000 measurements...
  Processed 27290000 measurements...
  Processed 27300000 measurements...
  Processed 27310000 measurements...
  Processed 27320000 measurements...
  Processed 27330000 measurements...
  Processed 27340000 measurements...
  Processed 27350000 measurements...
  Processed 27360000 measurements...
  Processed 27370000 measurements...
  Processed 27380000 measurements...
  Processed 27390000 measurements...
  Processed 27400000 measurements...
  Processed 27410000 measurements...
  Processed 27420000 measurements...
  Processed 27430000 measurements...
  Processed 27440000 measurements...
  Processed 27450000 measurements...
  Processed 27460000 measurements...
  Processed 27470000 measurements...
  Processed 27480000 measurements...
  Processed 27490000 measurements...
  Processed 27500000 measurements...
  Processed 27510000 measurements...
  Processed 27520000 measurements...
  Processed 27530000 measurements...
  Processed 27540000 measurements...
  Processed 27550000 measurements...
  Processed 27560000 measurements...
  Processed 27570000 measurements...
  Processed 27580000 measurements...
  Processed 27590000 measurements...
  Processed 27600000 measurements...
  Processed 27610000 measurements...
  Processed 27620000 measurements...
  Processed 27630000 measurements...
  Processed 27640000 measurements...
  Processed 27650000 measurements...
  Processed 27660000 measurements...
  Processed 27670000 measurements...
  Processed 27680000 measurements...
  Processed 27690000 measurements...
  Processed 27700000 measurements...
  Processed 27710000 measurements...
  Processed 27720000 measurements...
  Processed 27730000 measurements...
  Processed 27740000 measurements...
  Processed 27750000 measurements...
  Processed 27760000 measurements...
  Processed 27770000 measurements...
  Processed 27780000 measurements...
  Processed 27790000 measurements...
  Processed 27800000 measurements...
  Processed 27810000 measurements...
  Processed 27820000 measurements...
  Processed 27830000 measurements...
  Processed 27840000 measurements...
  Processed 27850000 measurements...
  Processed 27860000 measurements...
  Processed 27870000 measurements...
  Processed 27880000 measurements...
  Processed 27890000 measurements...
  Processed 27900000 measurements...
  Processed 27910000 measurements...
  Processed 27920000 measurements...
  Processed 27930000 measurements...
  Processed 27940000 measurements...
  Processed 27950000 measurements...
  Processed 27960000 measurements...
  Processed 27970000 measurements...
  Processed 27980000 measurements...
  Processed 27990000 measurements...
  Processed 28000000 measurements...
  Processed 28010000 measurements...
  Processed 28020000 measurements...
  Processed 28030000 measurements...
  Processed 28040000 measurements...
  Processed 28050000 measurements...
  Processed 28060000 measurements...
  Processed 28070000 measurements...
  Processed 28080000 measurements...
  Processed 28090000 measurements...
  Processed 28100000 measurements...
  Processed 28110000 measurements...
  Processed 28120000 measurements...
  Processed 28130000 measurements...
  Processed 28140000 measurements...
  Processed 28150000 measurements...
  Processed 28160000 measurements...
  Processed 28170000 measurements...
  Processed 28180000 measurements...
  Processed 28190000 measurements...
  Processed 28200000 measurements...
  Processed 28210000 measurements...
  Processed 28220000 measurements...
  Processed 28230000 measurements...
  Processed 28240000 measurements...
  Processed 28250000 measurements...
  Processed 28260000 measurements...
  Processed 28270000 measurements...
  Processed 28280000 measurements...
  Processed 28290000 measurements...
  Processed 28300000 measurements...
  Processed 28310000 measurements...
  Processed 28320000 measurements...
  Processed 28330000 measurements...
  Processed 28340000 measurements...
  Processed 28350000 measurements...
  Processed 28360000 measurements...
  Processed 28370000 measurements...
  Processed 28380000 measurements...
  Processed 28390000 measurements...
  Processed 28400000 measurements...
  Processed 28410000 measurements...
  Processed 28420000 measurements...
  Processed 28430000 measurements...
  Processed 28440000 measurements...
  Processed 28450000 measurements...
  Processed 28460000 measurements...
  Processed 28470000 measurements...
  Processed 28480000 measurements...
  Processed 28490000 measurements...
  Processed 28500000 measurements...
  Processed 28510000 measurements...
  Processed 28520000 measurements...
  Processed 28530000 measurements...
  Processed 28540000 measurements...
  Processed 28550000 measurements...
  Processed 28560000 measurements...
  Processed 28570000 measurements...
  Processed 28580000 measurements...
  Processed 28590000 measurements...
  Processed 28600000 measurements...
  Processed 28610000 measurements...
  Processed 28620000 measurements...
  Processed 28630000 measurements...
  Processed 28640000 measurements...
  Processed 28650000 measurements...
  Processed 28660000 measurements...
  Processed 28670000 measurements...
  Processed 28680000 measurements...
  Processed 28690000 measurements...
  Processed 28700000 measurements...
  Processed 28710000 measurements...
  Processed 28720000 measurements...
  Processed 28730000 measurements...
  Processed 28740000 measurements...
  Processed 28750000 measurements...
  Processed 28760000 measurements...
  Processed 28770000 measurements...
  Processed 28780000 measurements...
  Processed 28790000 measurements...
  Processed 28800000 measurements...
  Processed 28810000 measurements...
  Processed 28820000 measurements...
  Processed 28830000 measurements...
  Processed 28840000 measurements...
  Processed 28850000 measurements...
  Processed 28860000 measurements...
  Processed 28870000 measurements...
  Processed 28880000 measurements...
  Processed 28890000 measurements...
  Processed 28900000 measurements...
  Processed 28910000 measurements...
  Processed 28920000 measurements...
  Processed 28930000 measurements...
  Processed 28940000 measurements...
  Processed 28950000 measurements...
  Processed 28960000 measurements...
  Processed 28970000 measurements...
  Processed 28980000 measurements...
  Processed 28990000 measurements...
  Processed 29000000 measurements...
  Processed 29010000 measurements...
  Processed 29020000 measurements...
  Processed 29030000 measurements...
  Processed 29040000 measurements...
  Processed 29050000 measurements...
  Processed 29060000 measurements...
  Processed 29070000 measurements...
  Processed 29080000 measurements...
  Processed 29090000 measurements...
  Processed 29100000 measurements...
  Processed 29110000 measurements...
  Processed 29120000 measurements...
  Processed 29130000 measurements...
  Processed 29140000 measurements...
  Processed 29150000 measurements...
  Processed 29160000 measurements...
  Processed 29170000 measurements...
  Processed 29180000 measurements...
  Processed 29190000 measurements...
  Processed 29200000 measurements...
  Processed 29210000 measurements...
  Processed 29220000 measurements...
  Processed 29230000 measurements...
  Processed 29240000 measurements...
  Processed 29250000 measurements...
  Processed 29260000 measurements...
  Processed 29270000 measurements...
  Processed 29280000 measurements...
  Processed 29290000 measurements...
  Processed 29300000 measurements...
  Processed 29310000 measurements...
  Processed 29320000 measurements...
  Processed 29330000 measurements...
  Processed 29340000 measurements...
  Processed 29350000 measurements...
  Processed 29360000 measurements...
  Processed 29370000 measurements...
  Processed 29380000 measurements...
  Processed 29390000 measurements...
  Processed 29400000 measurements...
  Processed 29410000 measurements...
  Processed 29420000 measurements...
  Processed 29430000 measurements...
  Processed 29440000 measurements...
  Processed 29450000 measurements...
  Processed 29460000 measurements...
  Processed 29470000 measurements...
  Processed 29480000 measurements...
  Processed 29490000 measurements...
  Processed 29500000 measurements...
  Processed 29510000 measurements...
  Processed 29520000 measurements...
  Processed 29530000 measurements...
  Processed 29540000 measurements...
  Processed 29550000 measurements...
  Processed 29560000 measurements...
  Processed 29570000 measurements...
  Processed 29580000 measurements...
  Processed 29590000 measurements...
  Processed 29600000 measurements...
  Processed 29610000 measurements...
  Processed 29620000 measurements...
  Processed 29630000 measurements...
  Processed 29640000 measurements...
  Processed 29650000 measurements...
  Processed 29660000 measurements...
  Processed 29670000 measurements...
  Processed 29680000 measurements...
  Processed 29690000 measurements...
  Processed 29700000 measurements...
  Processed 29710000 measurements...
  Processed 29720000 measurements...
  Processed 29730000 measurements...
  Processed 29740000 measurements...
  Processed 29750000 measurements...
  Processed 29760000 measurements...
  Processed 29770000 measurements...
  Processed 29780000 measurements...
  Processed 29790000 measurements...
  Processed 29800000 measurements...
  Processed 29810000 measurements...
  Processed 29820000 measurements...
  Processed 29830000 measurements...
  Processed 29840000 measurements...
  Processed 29850000 measurements...
  Processed 29860000 measurements...
  Processed 29870000 measurements...
  Processed 29880000 measurements...
  Processed 29890000 measurements...
  Processed 29900000 measurements...
  Processed 29910000 measurements...
  Processed 29920000 measurements...
  Processed 29930000 measurements...
  Processed 29940000 measurements...
  Processed 29950000 measurements...
  Processed 29960000 measurements...
  Processed 29970000 measurements...
  Processed 29980000 measurements...
  Processed 29990000 measurements...
  Processed 30000000 measurements...
  Processed 30010000 measurements...
  Processed 30020000 measurements...
  Processed 30030000 measurements...
  Processed 30040000 measurements...
  Processed 30050000 measurements...
  Processed 30060000 measurements...
  Processed 30070000 measurements...
  Processed 30080000 measurements...
  Processed 30090000 measurements...
  Processed 30100000 measurements...
  Processed 30110000 measurements...
  Processed 30120000 measurements...
  Processed 30130000 measurements...
  Processed 30140000 measurements...
  Processed 30150000 measurements...
  Processed 30160000 measurements...
  Processed 30170000 measurements...
  Processed 30180000 measurements...
  Processed 30190000 measurements...
  Processed 30200000 measurements...
  Processed 30210000 measurements...
  Processed 30220000 measurements...
  Processed 30230000 measurements...
  Processed 30240000 measurements...
  Processed 30250000 measurements...
  Processed 30260000 measurements...
  Processed 30270000 measurements...
  Processed 30280000 measurements...
  Processed 30290000 measurements...
  Processed 30300000 measurements...
  Processed 30310000 measurements...
  Processed 30320000 measurements...
  Processed 30330000 measurements...
  Processed 30340000 measurements...
  Processed 30350000 measurements...
  Processed 30360000 measurements...
  Processed 30370000 measurements...
  Processed 30380000 measurements...
  Processed 30390000 measurements...
  Processed 30400000 measurements...
  Processed 30410000 measurements...
  Processed 30420000 measurements...
  Processed 30430000 measurements...
  Processed 30440000 measurements...
  Processed 30450000 measurements...
  Processed 30460000 measurements...
  Processed 30470000 measurements...
  Processed 30480000 measurements...
  Processed 30490000 measurements...
  Processed 30500000 measurements...
  Processed 30510000 measurements...
  Processed 30520000 measurements...
  Processed 30530000 measurements...
  Processed 30540000 measurements...
  Processed 30550000 measurements...
  Processed 30560000 measurements...
  Processed 30570000 measurements...
  Processed 30580000 measurements...
  Processed 30590000 measurements...
  Processed 30600000 measurements...
  Processed 30610000 measurements...
  Processed 30620000 measurements...
  Processed 30630000 measurements...
  Processed 30640000 measurements...
  Processed 30650000 measurements...
  Processed 30660000 measurements...
  Processed 30670000 measurements...
  Processed 30680000 measurements...
  Processed 30690000 measurements...
  Processed 30700000 measurements...
  Processed 30710000 measurements...
  Processed 30720000 measurements...
  Processed 30730000 measurements...
  Processed 30740000 measurements...
  Processed 30750000 measurements...
  Processed 30760000 measurements...
  Processed 30770000 measurements...
  Processed 30780000 measurements...
  Processed 30790000 measurements...
  Processed 30800000 measurements...
  Processed 30810000 measurements...
  Processed 30820000 measurements...
  Processed 30830000 measurements...
  Processed 30840000 measurements...
  Processed 30850000 measurements...
  Processed 30860000 measurements...
  Processed 30870000 measurements...
  Processed 30880000 measurements...
  Processed 30890000 measurements...
  Processed 30900000 measurements...
  Processed 30910000 measurements...
  Processed 30920000 measurements...
  Processed 30930000 measurements...
  Processed 30940000 measurements...
  Processed 30950000 measurements...
  Processed 30960000 measurements...
  Processed 30970000 measurements...
  Processed 30980000 measurements...
  Processed 30990000 measurements...
  Processed 31000000 measurements...
  Processed 31010000 measurements...
  Processed 31020000 measurements...
  Processed 31030000 measurements...
  Processed 31040000 measurements...
  Processed 31050000 measurements...
  Processed 31060000 measurements...
  Processed 31070000 measurements...
  Processed 31080000 measurements...
  Processed 31090000 measurements...
  Processed 31100000 measurements...
  Processed 31110000 measurements...
  Processed 31120000 measurements...
  Processed 31130000 measurements...
  Processed 31140000 measurements...
  Processed 31150000 measurements...
  Processed 31160000 measurements...
  Processed 31170000 measurements...
  Processed 31180000 measurements...
  Processed 31190000 measurements...
  Processed 31200000 measurements...
  Processed 31210000 measurements...
  Processed 31220000 measurements...
  Processed 31230000 measurements...
  Processed 31240000 measurements...
  Processed 31250000 measurements...
  Processed 31260000 measurements...
  Processed 31270000 measurements...
  Processed 31280000 measurements...
  Processed 31290000 measurements...
  Processed 31300000 measurements...
  Processed 31310000 measurements...
  Processed 31320000 measurements...
  Processed 31330000 measurements...
  Processed 31340000 measurements...
  Processed 31350000 measurements...
  Processed 31360000 measurements...
  Processed 31370000 measurements...
  Processed 31380000 measurements...
  Processed 31390000 measurements...
  Processed 31400000 measurements...
  Processed 31410000 measurements...
  Processed 31420000 measurements...
  Processed 31430000 measurements...
  Processed 31440000 measurements...
  Processed 31450000 measurements...
  Processed 31460000 measurements...
  Processed 31470000 measurements...
  Processed 31480000 measurements...
  Processed 31490000 measurements...
  Processed 31500000 measurements...
  Processed 31510000 measurements...
  Processed 31520000 measurements...
  Processed 31530000 measurements...
  Processed 31540000 measurements...
  Processed 31550000 measurements...
  Processed 31560000 measurements...
  Processed 31570000 measurements...
  Processed 31580000 measurements...
  Processed 31590000 measurements...
  Processed 31600000 measurements...
  Processed 31610000 measurements...
  Processed 31620000 measurements...
  Processed 31630000 measurements...
  Processed 31640000 measurements...
  Processed 31650000 measurements...
  Processed 31660000 measurements...
  Processed 31670000 measurements...
  Processed 31680000 measurements...
  Processed 31690000 measurements...
  Processed 31700000 measurements...
  Processed 31710000 measurements...
  Processed 31720000 measurements...
  Processed 31730000 measurements...
  Processed 31740000 measurements...
  Processed 31750000 measurements...
  Processed 31760000 measurements...
  Processed 31770000 measurements...
  Processed 31780000 measurements...
  Processed 31790000 measurements...
  Processed 31800000 measurements...
  Processed 31810000 measurements...
  Processed 31820000 measurements...
  Processed 31830000 measurements...
  Processed 31840000 measurements...
  Processed 31850000 measurements...
  Processed 31860000 measurements...
  Processed 31870000 measurements...
  Processed 31880000 measurements...
  Processed 31890000 measurements...
  Processed 31900000 measurements...
  Processed 31910000 measurements...
  Processed 31920000 measurements...
  Processed 31930000 measurements...
  Processed 31940000 measurements...
  Processed 31950000 measurements...
  Processed 31960000 measurements...
  Processed 31970000 measurements...
  Processed 31980000 measurements...
  Processed 31990000 measurements...
  Processed 32000000 measurements...
  Processed 32010000 measurements...
  Processed 32020000 measurements...
  Processed 32030000 measurements...
  Processed 32040000 measurements...
  Processed 32050000 measurements...
  Processed 32060000 measurements...
  Processed 32070000 measurements...
  Processed 32080000 measurements...
  Processed 32090000 measurements...
  Processed 32100000 measurements...
  Processed 32110000 measurements...
  Processed 32120000 measurements...
  Processed 32130000 measurements...
  Processed 32140000 measurements...
  Processed 32150000 measurements...
  Processed 32160000 measurements...
  Processed 32170000 measurements...
  Processed 32180000 measurements...
  Processed 32190000 measurements...
  Processed 32200000 measurements...
  Processed 32210000 measurements...
  Processed 32220000 measurements...
  Processed 32230000 measurements...
  Processed 32240000 measurements...
  Processed 32250000 measurements...
  Processed 32260000 measurements...
  Processed 32270000 measurements...
  Processed 32280000 measurements...
  Processed 32290000 measurements...
  Processed 32300000 measurements...
  Processed 32310000 measurements...
  Processed 32320000 measurements...
  Processed 32330000 measurements...
  Processed 32340000 measurements...
  Processed 32350000 measurements...
  Processed 32360000 measurements...
  Processed 32370000 measurements...
  Processed 32380000 measurements...
  Processed 32390000 measurements...
  Processed 32400000 measurements...
  Processed 32410000 measurements...
  Processed 32420000 measurements...
  Processed 32430000 measurements...
  Processed 32440000 measurements...
  Processed 32450000 measurements...
  Processed 32460000 measurements...
  Processed 32470000 measurements...
  Processed 32480000 measurements...
  Processed 32490000 measurements...
  Processed 32500000 measurements...
  Processed 32510000 measurements...
  Processed 32520000 measurements...
  Processed 32530000 measurements...
  Processed 32540000 measurements...
  Processed 32550000 measurements...
  Processed 32560000 measurements...
  Processed 32570000 measurements...
  Processed 32580000 measurements...
  Processed 32590000 measurements...
  Processed 32600000 measurements...
  Processed 32610000 measurements...
  Processed 32620000 measurements...
  Processed 32630000 measurements...
  Processed 32640000 measurements...
  Processed 32650000 measurements...
  Processed 32660000 measurements...
